path_id,case_id,coordinate,direction,bundle_length,predicted_endpoint_deltaJ,truth_endpoint_deltaJ_posthoc,e_deltaJ_bundle_posthoc,cumulative_direction_correct,declared_path_direction_correct,declared_path_magnitude_ordering_correct,prediction_usefulness,same_formal_parameter_direction,mixed_axis_or_turn_required,calibration_role,future_bundle_uncertainty_updated,data_role
prospective_accumulation_01,prospective_subject_001__matched_linear,knee,NEGATIVE,2,-0.00318762266102,-0.00318762266102,5.55111512313e-16,True,True,True,CUMULATIVE_SIGNAL_PRESENT,True,False,POST_HOC_CHARACTERIZATION_NOT_FUTURE_CALIBRATION,False,POST_PROSPECTIVE_DEVELOPMENT_ONLY
prospective_accumulation_01,prospective_subject_001__matched_linear,knee,NEGATIVE,3,-0.00477213057022,-0.00477213057022,9.99200722163e-16,True,True,True,CUMULATIVE_SIGNAL_PRESENT,True,False,POST_HOC_CHARACTERIZATION_NOT_FUTURE_CALIBRATION,False,POST_PROSPECTIVE_DEVELOPMENT_ONLY
prospective_accumulation_01,prospective_subject_001__matched_linear,knee,NEGATIVE,5,-0.00792307022394,-0.00792307022393,1.55431223448e-15,True,True,True,CUMULATIVE_SIGNAL_PRESENT,True,False,POST_HOC_CHARACTERIZATION_NOT_FUTURE_CALIBRATION,False,POST_PROSPECTIVE_DEVELOPMENT_ONLY
prospective_accumulation_02,prospective_subject_001__nonlinear_stiffness_strong,knee,NEGATIVE,2,-0.00228076717183,-0.00521761787133,0.0029368506995,True,True,True,CUMULATIVE_SIGNAL_PRESENT,True,False,POST_HOC_CHARACTERIZATION_NOT_FUTURE_CALIBRATION,False,POST_PROSPECTIVE_DEVELOPMENT_ONLY
prospective_accumulation_02,prospective_subject_001__nonlinear_stiffness_strong,knee,NEGATIVE,3,-0.00341810961953,-0.00780072801608,0.00438261839655,True,True,True,CUMULATIVE_SIGNAL_PRESENT,True,False,POST_HOC_CHARACTERIZATION_NOT_FUTURE_CALIBRATION,False,POST_PROSPECTIVE_DEVELOPMENT_ONLY
prospective_accumulation_02,prospective_subject_001__nonlinear_stiffness_strong,knee,NEGATIVE,5,-0.00568672647028,-0.0129156035515,0.00722887708125,True,True,True,CUMULATIVE_SIGNAL_PRESENT,True,False,POST_HOC_CHARACTERIZATION_NOT_FUTURE_CALIBRATION,False,POST_PROSPECTIVE_DEVELOPMENT_ONLY
prospective_accumulation_03,prospective_subject_001__nonlinear_stiffness_strong,knee,NEGATIVE,2,-0.00228076717183,-0.00521761787133,0.0029368506995,True,True,True,CUMULATIVE_SIGNAL_PRESENT,True,False,POST_HOC_CHARACTERIZATION_NOT_FUTURE_CALIBRATION,False,POST_PROSPECTIVE_DEVELOPMENT_ONLY
prospective_accumulation_03,prospective_subject_001__nonlinear_stiffness_strong,knee,NEGATIVE,3,-0.00341810961953,-0.00780072801608,0.00438261839655,True,True,True,CUMULATIVE_SIGNAL_PRESENT,True,False,POST_HOC_CHARACTERIZATION_NOT_FUTURE_CALIBRATION,False,POST_PROSPECTIVE_DEVELOPMENT_ONLY
prospective_accumulation_03,prospective_subject_001__nonlinear_stiffness_strong,knee,NEGATIVE,5,-0.00568672647028,-0.0129156035515,0.00722887708125,True,True,True,CUMULATIVE_SIGNAL_PRESENT,True,False,POST_HOC_CHARACTERIZATION_NOT_FUTURE_CALIBRATION,False,POST_PROSPECTIVE_DEVELOPMENT_ONLY
prospective_accumulation_04,prospective_subject_001__nonlinear_stiffness_strong,knee,NEGATIVE,2,-0.00228076717183,-0.00521761787133,0.0029368506995,True,True,True,CUMULATIVE_SIGNAL_PRESENT,True,False,POST_HOC_CHARACTERIZATION_NOT_FUTURE_CALIBRATION,False,POST_PROSPECTIVE_DEVELOPMENT_ONLY
prospective_accumulation_04,prospective_subject_001__nonlinear_stiffness_strong,knee,NEGATIVE,3,-0.00341810961953,-0.00780072801608,0.00438261839655,True,True,True,CUMULATIVE_SIGNAL_PRESENT,True,False,POST_HOC_CHARACTERIZATION_NOT_FUTURE_CALIBRATION,False,POST_PROSPECTIVE_DEVELOPMENT_ONLY
prospective_accumulation_04,prospective_subject_001__nonlinear_stiffness_strong,knee,NEGATIVE,5,-0.00568672647028,-0.0129156035515,0.00722887708125,True,True,True,CUMULATIVE_SIGNAL_PRESENT,True,False,POST_HOC_CHARACTERIZATION_NOT_FUTURE_CALIBRATION,False,POST_PROSPECTIVE_DEVELOPMENT_ONLY
prospective_accumulation_05,prospective_subject_002__matched_linear,knee,NEGATIVE,2,-0.00252027622052,-0.00252027622057,4.90718576884e-14,True,True,True,CUMULATIVE_SIGNAL_PRESENT,True,False,POST_HOC_CHARACTERIZATION_NOT_FUTURE_CALIBRATION,False,POST_PROSPECTIVE_DEVELOPMENT_ONLY
prospective_accumulation_05,prospective_subject_002__matched_linear,knee,NEGATIVE,3,-0.00377597293303,-0.0037759729331,7.32747196253e-14,True,True,True,CUMULATIVE_SIGNAL_PRESENT,True,False,POST_HOC_CHARACTERIZATION_NOT_FUTURE_CALIBRATION,False,POST_PROSPECTIVE_DEVELOPMENT_ONLY
prospective_accumulation_05,prospective_subject_002__matched_linear,knee,NEGATIVE,5,-0.00627863894776,-0.00627863894788,1.21125331987e-13,True,True,True,CUMULATIVE_SIGNAL_PRESENT,True,False,POST_HOC_CHARACTERIZATION_NOT_FUTURE_CALIBRATION,False,POST_PROSPECTIVE_DEVELOPMENT_ONLY
prospective_accumulation_06,prospective_subject_002__hip_knee_coupling_strong,knee,NEGATIVE,2,-0.00257737835785,-0.00280923012695,0.000231851769097,True,True,True,CUMULATIVE_SIGNAL_PRESENT,True,False,POST_HOC_CHARACTERIZATION_NOT_FUTURE_CALIBRATION,False,POST_PROSPECTIVE_DEVELOPMENT_ONLY
prospective_accumulation_06,prospective_subject_002__hip_knee_coupling_strong,knee,NEGATIVE,3,-0.00386123184773,-0.00420746569393,0.000346233846206,True,True,True,CUMULATIVE_SIGNAL_PRESENT,True,False,POST_HOC_CHARACTERIZATION_NOT_FUTURE_CALIBRATION,False,POST_PROSPECTIVE_DEVELOPMENT_ONLY
prospective_accumulation_06,prospective_subject_002__hip_knee_coupling_strong,knee,NEGATIVE,5,-0.00641952663804,-0.00699144118431,0.000571914546273,True,True,True,CUMULATIVE_SIGNAL_PRESENT,True,False,POST_HOC_CHARACTERIZATION_NOT_FUTURE_CALIBRATION,False,POST_PROSPECTIVE_DEVELOPMENT_ONLY
prospective_accumulation_07,prospective_subject_003__matched_linear,knee,NEGATIVE,2,-0.0026943778102,-0.0026943778102,0,True,True,True,CUMULATIVE_SIGNAL_PRESENT,True,False,POST_HOC_CHARACTERIZATION_NOT_FUTURE_CALIBRATION,False,POST_PROSPECTIVE_DEVELOPMENT_ONLY
prospective_accumulation_07,prospective_subject_003__matched_linear,knee,NEGATIVE,3,-0.00403592492962,-0.00403592492962,0,True,True,True,CUMULATIVE_SIGNAL_PRESENT,True,False,POST_HOC_CHARACTERIZATION_NOT_FUTURE_CALIBRATION,False,POST_PROSPECTIVE_DEVELOPMENT_ONLY
prospective_accumulation_07,prospective_subject_003__matched_linear,knee,NEGATIVE,5,-0.00670816217832,-0.00670816217832,0,True,True,True,CUMULATIVE_SIGNAL_PRESENT,True,False,POST_HOC_CHARACTERIZATION_NOT_FUTURE_CALIBRATION,False,POST_PROSPECTIVE_DEVELOPMENT_ONLY
prospective_accumulation_08,prospective_subject_003__combined_strong,knee,NEGATIVE,2,-0.00229342031141,-0.00458675866713,0.00229333835572,True,True,True,CUMULATIVE_SIGNAL_PRESENT,True,False,POST_HOC_CHARACTERIZATION_NOT_FUTURE_CALIBRATION,False,POST_PROSPECTIVE_DEVELOPMENT_ONLY
prospective_accumulation_08,prospective_subject_003__combined_strong,knee,NEGATIVE,3,-0.00343691037742,-0.00685819196233,0.00342128158492,True,True,True,CUMULATIVE_SIGNAL_PRESENT,True,False,POST_HOC_CHARACTERIZATION_NOT_FUTURE_CALIBRATION,False,POST_PROSPECTIVE_DEVELOPMENT_ONLY
prospective_accumulation_08,prospective_subject_003__combined_strong,knee,NEGATIVE,5,-0.00571759915175,-0.0113573784518,0.00563977930004,True,True,True,CUMULATIVE_SIGNAL_PRESENT,True,False,POST_HOC_CHARACTERIZATION_NOT_FUTURE_CALIBRATION,False,POST_PROSPECTIVE_DEVELOPMENT_ONLY
prospective_accumulation_09,prospective_subject_003__combined_strong,knee,NEGATIVE,2,-0.00229342031141,-0.00458675866713,0.00229333835572,True,True,True,CUMULATIVE_SIGNAL_PRESENT,True,False,POST_HOC_CHARACTERIZATION_NOT_FUTURE_CALIBRATION,False,POST_PROSPECTIVE_DEVELOPMENT_ONLY
prospective_accumulation_09,prospective_subject_003__combined_strong,knee,NEGATIVE,3,-0.00343691037742,-0.00685819196233,0.00342128158492,True,True,True,CUMULATIVE_SIGNAL_PRESENT,True,False,POST_HOC_CHARACTERIZATION_NOT_FUTURE_CALIBRATION,False,POST_PROSPECTIVE_DEVELOPMENT_ONLY
prospective_accumulation_09,prospective_subject_003__combined_strong,knee,NEGATIVE,5,-0.00571759915175,-0.0113573784518,0.00563977930004,True,True,True,CUMULATIVE_SIGNAL_PRESENT,True,False,POST_HOC_CHARACTERIZATION_NOT_FUTURE_CALIBRATION,False,POST_PROSPECTIVE_DEVELOPMENT_ONLY
