case_id,subject_id,scenario_name,policy_id,iteration,executed_trial_count_this_iteration,trial_purpose,trajectory_id,alpha_hip,alpha_knee,alpha_phase,best_alpha_hip_before,best_alpha_knee_before,best_alpha_phase_before,best_alpha_hip_after,best_alpha_knee_after,best_alpha_phase_after,J_pred,actual_J,best_actual_J_before,best_actual_J_after,delta_J_pred,delta_J_actual,predicted_direction,actual_direction,decision_uncertainty_bound,improvement_margin,model_supported,domain_coverage,distance_to_supported_region,distance_role,accepted_improvement,executed_false_improvement,execution_status,valid_data_added_to_model_update,model_updates_this_iteration,model_reliability_status_after_iteration,truth_accessed_before_selection,cumulative_regret_vs_best_before,stop_reason_after_iteration
baseline__matched_linear,baseline,matched_linear,P2_DECISION_GUARDED_EXPLORE_EXPLOIT,1,1,EXPLORE,asym_h+0.250_k+0.000_p+0.00000,0.25,0,0,0,0,0,0,0,0,0.99951047583,0.999510094092,1,1,-0.000489524170139,-0.000489905908342,NEUTRAL,NEUTRAL,1.7386980744e-11,-0.00451047584725,False,78.0548628429,5.83095189485,LOCALITY_CONTROL_NOT_RELIABILITY_SCORE,False,False,EXECUTED,True,1,RESEARCH_DIAGNOSTIC_NOT_FORMALLY_RELIABLE,False,0,
baseline__matched_linear,baseline,matched_linear,P2_DECISION_GUARDED_EXPLORE_EXPLOIT,2,1,EXPLOIT,asym_h+0.000_k-1.000_p+0.00000,0,-1,0,0,0,0,0,-1,0,0.994092004847,0.994087351107,1,0.994087351107,-0.00590799515335,-0.005912648893,IMPROVE,IMPROVE,1.7386980744e-11,0.000907995135958,True,100,0,LOCALITY_CONTROL_NOT_RELIABILITY_SCORE,True,False,EXECUTED,True,1,RESEARCH_DIAGNOSTIC_NOT_FORMALLY_RELIABLE,False,0,
baseline__matched_linear,baseline,matched_linear,P2_DECISION_GUARDED_EXPLORE_EXPLOIT,3,1,EXPLOIT,asym_h+0.000_k-2.000_p+0.00000,0,-2,0,0,-1,0,0,-2,0,0.988261894968,0.988257209561,0.994087351107,0.988257209561,-0.00583010987863,-0.00583014154556,IMPROVE,IMPROVE,1.7386980744e-11,0.000830109861245,True,99.7506234414,0,LOCALITY_CONTROL_NOT_RELIABILITY_SCORE,True,False,EXECUTED,True,1,RESEARCH_DIAGNOSTIC_NOT_FORMALLY_RELIABLE,False,0,
baseline__matched_linear,baseline,matched_linear,P2_DECISION_GUARDED_EXPLORE_EXPLOIT,4,1,EXPLOIT,asym_h+0.000_k-3.000_p+0.00000,0,-3,0,0,-2,0,0,-3,0,0.982508999748,0.982504282239,0.988257209561,0.982504282239,-0.00575289522019,-0.00575292732249,IMPROVE,IMPROVE,1.7386980744e-11,0.000752895202806,True,99.7506234414,0,LOCALITY_CONTROL_NOT_RELIABILITY_SCORE,True,False,EXECUTED,True,1,RESEARCH_DIAGNOSTIC_NOT_FORMALLY_RELIABLE,False,0,
baseline__matched_linear,baseline,matched_linear,P2_DECISION_GUARDED_EXPLORE_EXPLOIT,5,1,EXPLOIT,asym_h+0.000_k-4.000_p+0.00000,0,-4,0,0,-3,0,0,-4,0,0.976832998152,0.976828248108,0.982504282239,0.976828248108,-0.00567600159601,-0.00567603413118,IMPROVE,IMPROVE,1.7386980744e-11,0.000676001578627,True,99.7506234414,0,LOCALITY_CONTROL_NOT_RELIABILITY_SCORE,True,False,EXECUTED,True,1,RESEARCH_DIAGNOSTIC_NOT_FORMALLY_RELIABLE,False,0,
baseline__matched_linear,baseline,matched_linear,P2_DECISION_GUARDED_EXPLORE_EXPLOIT,6,1,EXPLOIT,asym_h+0.000_k-5.000_p+0.00000,0,-5,0,0,-4,0,0,-5,0,0.971233542623,0.971228759614,0.976828248108,0.971228759614,-0.0055994555285,-0.00559948849373,IMPROVE,IMPROVE,1.7386980744e-11,0.000599455511108,True,99.7506234414,0,LOCALITY_CONTROL_NOT_RELIABILITY_SCORE,True,False,EXECUTED,True,1,RESEARCH_DIAGNOSTIC_NOT_FORMALLY_RELIABLE,False,0,STOP_MAX_PERSONALIZATION_TRIALS
hip_stiff__matched_linear,hip_stiff,matched_linear,P2_DECISION_GUARDED_EXPLORE_EXPLOIT,1,1,EXPLORE,asym_h+0.250_k+0.000_p+0.00000,0.25,0,0,0,0,0,0,0,0,0.999931323653,0.999930463492,1,1,-6.86763465457e-05,-6.95365076068e-05,NEUTRAL,NEUTRAL,2.53130849615e-14,-0.00493132365348,False,78.0548628429,5.83095189485,LOCALITY_CONTROL_NOT_RELIABILITY_SCORE,False,False,EXECUTED,True,1,RESEARCH_DIAGNOSTIC_NOT_FORMALLY_RELIABLE,False,0,
hip_stiff__matched_linear,hip_stiff,matched_linear,P2_DECISION_GUARDED_EXPLORE_EXPLOIT,2,1,EXPLOIT,asym_h+0.000_k-1.000_p+0.00000,0,-1,0,0,0,0,0,-1,0,0.994058475268,0.994055761441,1,0.994055761441,-0.00594152473249,-0.00594423855895,IMPROVE,IMPROVE,2.53130849615e-14,0.000941524732465,True,100,0,LOCALITY_CONTROL_NOT_RELIABILITY_SCORE,True,False,EXECUTED,True,1,RESEARCH_DIAGNOSTIC_NOT_FORMALLY_RELIABLE,False,0,
hip_stiff__matched_linear,hip_stiff,matched_linear,P2_DECISION_GUARDED_EXPLORE_EXPLOIT,3,1,EXPLOIT,asym_h+0.000_k-2.000_p+0.00000,0,-2,0,0,-1,0,0,-2,0,0.988196345988,0.988193617024,0.994055761441,0.988193617024,-0.00586212927914,-0.00586214441739,IMPROVE,IMPROVE,2.53130849615e-14,0.000862129279117,True,99.7506234414,0,LOCALITY_CONTROL_NOT_RELIABILITY_SCORE,True,False,EXECUTED,True,1,RESEARCH_DIAGNOSTIC_NOT_FORMALLY_RELIABLE,False,0,
hip_stiff__matched_linear,hip_stiff,matched_linear,P2_DECISION_GUARDED_EXPLORE_EXPLOIT,4,1,EXPLOIT,asym_h+0.000_k-3.000_p+0.00000,0,-3,0,0,-2,0,0,-3,0,0.982412509681,0.982409765163,0.988193617024,0.982409765163,-0.00578383630714,-0.00578385186107,IMPROVE,IMPROVE,2.53130849615e-14,0.000783836307116,True,99.7506234414,0,LOCALITY_CONTROL_NOT_RELIABILITY_SCORE,True,False,EXECUTED,True,1,RESEARCH_DIAGNOSTIC_NOT_FORMALLY_RELIABLE,False,0,
hip_stiff__matched_linear,hip_stiff,matched_linear,P2_DECISION_GUARDED_EXPLORE_EXPLOIT,5,1,EXPLOIT,asym_h+0.000_k-4.000_p+0.00000,0,-4,0,0,-3,0,0,-4,0,0.976706693252,0.976703932761,0.982409765163,0.976703932761,-0.00570581642967,-0.00570583240124,IMPROVE,IMPROVE,2.53130849615e-14,0.000705816429643,True,99.7506234414,0,LOCALITY_CONTROL_NOT_RELIABILITY_SCORE,True,False,EXECUTED,True,1,RESEARCH_DIAGNOSTIC_NOT_FORMALLY_RELIABLE,False,0,
hip_stiff__matched_linear,hip_stiff,matched_linear,P2_DECISION_GUARDED_EXPLORE_EXPLOIT,6,1,EXPLOIT,asym_h+0.000_k-5.000_p+0.00000,0,-5,0,0,-4,0,0,-5,0,0.971078595998,0.971075819116,0.976703932761,0.971075819116,-0.00562809725397,-0.00562811364489,IMPROVE,IMPROVE,2.53130849615e-14,0.000628097253945,True,99.7506234414,0,LOCALITY_CONTROL_NOT_RELIABILITY_SCORE,True,False,EXECUTED,True,1,RESEARCH_DIAGNOSTIC_NOT_FORMALLY_RELIABLE,False,0,STOP_MAX_PERSONALIZATION_TRIALS
knee_stiff__matched_linear,knee_stiff,matched_linear,P2_DECISION_GUARDED_EXPLORE_EXPLOIT,1,1,EXPLORE,asym_h+0.250_k+0.000_p+0.00000,0.25,0,0,0,0,0,0,0,0,0.999623685946,0.999624243777,1,1,-0.000376314053928,-0.000375756222738,NEUTRAL,NEUTRAL,0,-0.00462368594607,False,78.0548628429,5.83095189485,LOCALITY_CONTROL_NOT_RELIABILITY_SCORE,False,False,EXECUTED,True,1,RESEARCH_DIAGNOSTIC_NOT_FORMALLY_RELIABLE,False,0,
knee_stiff__matched_linear,knee_stiff,matched_linear,P2_DECISION_GUARDED_EXPLORE_EXPLOIT,2,1,EXPLORE,asym_h+0.500_k+0.000_p+0.00000,0.5,0,0,0,0,0,0,0,0,0.999253696834,0.999254254544,1,1,-0.000746303166305,-0.000745745456048,NEUTRAL,NEUTRAL,0,-0.0042536968337,False,86.0349127182,1,LOCALITY_CONTROL_NOT_RELIABILITY_SCORE,False,False,EXECUTED,True,1,RESEARCH_DIAGNOSTIC_NOT_FORMALLY_RELIABLE,False,0,
knee_stiff__matched_linear,knee_stiff,matched_linear,P2_DECISION_GUARDED_EXPLORE_EXPLOIT,3,1,EXPLORE,asym_h+0.750_k+0.000_p+0.00000,0.75,0,0,0,0,0,0,0,0,0.99888508444,0.998885642027,1,1,-0.00111491555967,-0.00111435797291,NEUTRAL,NEUTRAL,0,-0.00388508444033,False,86.0349127182,1,LOCALITY_CONTROL_NOT_RELIABILITY_SCORE,False,False,EXECUTED,True,1,RESEARCH_DIAGNOSTIC_NOT_FORMALLY_RELIABLE,False,0,
knee_stiff__matched_linear,knee_stiff,matched_linear,P2_DECISION_GUARDED_EXPLORE_EXPLOIT,4,1,EXPLORE,asym_h+1.000_k+0.000_p+0.00000,1,0,0,0,0,0,0,0,0,0.998517860983,0.998518418444,1,1,-0.00148213901663,-0.00148158155591,NEUTRAL,NEUTRAL,0,-0.00351786098337,False,86.0349127182,1,LOCALITY_CONTROL_NOT_RELIABILITY_SCORE,False,False,EXECUTED,True,1,RESEARCH_DIAGNOSTIC_NOT_FORMALLY_RELIABLE,False,0,
knee_stiff__matched_linear,knee_stiff,matched_linear,P2_DECISION_GUARDED_EXPLORE_EXPLOIT,5,1,EXPLORE,asym_h+1.250_k+0.000_p+0.00000,1.25,0,0,0,0,0,0,0,0,0.998152038596,0.998152595928,1,1,-0.00184796140393,-0.00184740407181,NEUTRAL,NEUTRAL,0,-0.00315203859607,False,86.0349127182,1,LOCALITY_CONTROL_NOT_RELIABILITY_SCORE,False,False,EXECUTED,True,1,RESEARCH_DIAGNOSTIC_NOT_FORMALLY_RELIABLE,False,0,
knee_stiff__matched_linear,knee_stiff,matched_linear,P2_DECISION_GUARDED_EXPLORE_EXPLOIT,6,1,EXPLORE,asym_h+1.500_k+0.000_p+0.00000,1.5,0,0,0,0,0,0,0,0,0.997787629327,0.997788186528,1,1,-0.00221237067269,-0.00221181347173,NEUTRAL,NEUTRAL,0,-0.00278762932731,False,86.0349127182,1,LOCALITY_CONTROL_NOT_RELIABILITY_SCORE,False,False,EXECUTED,True,1,RESEARCH_DIAGNOSTIC_NOT_FORMALLY_RELIABLE,False,0,STOP_MAX_PERSONALIZATION_TRIALS
heavy_leg__matched_linear,heavy_leg,matched_linear,P2_DECISION_GUARDED_EXPLORE_EXPLOIT,1,1,EXPLORE,asym_h+0.250_k+0.000_p+0.00000,0.25,0,0,0,0,0,0,0,0,0.999348273538,0.99934768035,1,1,-0.000651726461822,-0.00065231965009,NEUTRAL,NEUTRAL,1.7763568394e-15,-0.00434827353818,False,78.0548628429,5.83095189485,LOCALITY_CONTROL_NOT_RELIABILITY_SCORE,False,False,EXECUTED,True,1,RESEARCH_DIAGNOSTIC_NOT_FORMALLY_RELIABLE,False,0,
heavy_leg__matched_linear,heavy_leg,matched_linear,P2_DECISION_GUARDED_EXPLORE_EXPLOIT,2,1,EXPLOIT,asym_h+0.000_k-1.000_p+0.00000,0,-1,0,0,0,0,0,-1,0,0.993334710259,0.993329429486,1,0.993329429486,-0.00666528974099,-0.00667057051426,IMPROVE,IMPROVE,1.7763568394e-15,0.00166528974099,True,100,0,LOCALITY_CONTROL_NOT_RELIABILITY_SCORE,True,False,EXECUTED,True,1,RESEARCH_DIAGNOSTIC_NOT_FORMALLY_RELIABLE,False,0,
heavy_leg__matched_linear,heavy_leg,matched_linear,P2_DECISION_GUARDED_EXPLORE_EXPLOIT,3,1,EXPLOIT,asym_h+0.000_k-2.000_p+0.00000,0,-2,0,0,-1,0,0,-2,0,0.986781706663,0.986776387938,0.993329429486,0.986776387938,-0.00655300359635,-0.00655304154774,IMPROVE,IMPROVE,1.7763568394e-15,0.00155300359635,True,99.7506234414,0,LOCALITY_CONTROL_NOT_RELIABILITY_SCORE,True,False,EXECUTED,True,1,RESEARCH_DIAGNOSTIC_NOT_FORMALLY_RELIABLE,False,0,
heavy_leg__matched_linear,heavy_leg,matched_linear,P2_DECISION_GUARDED_EXPLORE_EXPLOIT,4,1,EXPLOIT,asym_h+0.000_k-3.000_p+0.00000,0,-3,0,0,-2,0,0,-3,0,0.980339882189,0.980334524906,0.986776387938,0.980334524906,-0.00644182447333,-0.00644186303234,IMPROVE,IMPROVE,1.7763568394e-15,0.00144182447333,True,99.7506234414,0,LOCALITY_CONTROL_NOT_RELIABILITY_SCORE,True,False,EXECUTED,True,1,RESEARCH_DIAGNOSTIC_NOT_FORMALLY_RELIABLE,False,0,
heavy_leg__matched_linear,heavy_leg,matched_linear,P2_DECISION_GUARDED_EXPLORE_EXPLOIT,5,1,EXPLOIT,asym_h+0.000_k-4.000_p+0.00000,0,-4,0,0,-3,0,0,-4,0,0.974008665898,0.974003269453,0.980334524906,0.974003269453,-0.00633121629165,-0.00633125545255,IMPROVE,IMPROVE,1.7763568394e-15,0.00133121629164,True,99.7506234414,0,LOCALITY_CONTROL_NOT_RELIABILITY_SCORE,True,False,EXECUTED,True,1,RESEARCH_DIAGNOSTIC_NOT_FORMALLY_RELIABLE,False,0,
heavy_leg__matched_linear,heavy_leg,matched_linear,P2_DECISION_GUARDED_EXPLORE_EXPLOIT,6,1,EXPLOIT,asym_h+0.000_k-5.000_p+0.00000,0,-5,0,0,-4,0,0,-5,0,0.967787438536,0.967782002335,0.974003269453,0.967782002335,-0.00622122736161,-0.00622126711817,IMPROVE,IMPROVE,1.7763568394e-15,0.0012212273616,True,99.7506234414,0,LOCALITY_CONTROL_NOT_RELIABILITY_SCORE,True,False,EXECUTED,True,1,RESEARCH_DIAGNOSTIC_NOT_FORMALLY_RELIABLE,False,0,STOP_MAX_PERSONALIZATION_TRIALS
baseline__nonlinear_stiffness_mild,baseline,nonlinear_stiffness_mild,P0_SUPPORTED_ONLY_GREEDY,1,1,EXPLOIT,asym_h+0.000_k-1.000_p+0.00000,0,-1,0,0,0,0,0,-1,0,0.994506234427,0.99285996785,1,0.99285996785,-0.00549376557307,-0.00714003214998,IMPROVE,IMPROVE,0.177732797422,-0.177239031849,True,100,0,LOCALITY_CONTROL_NOT_RELIABILITY_SCORE,True,False,EXECUTED,True,1,RESEARCH_DIAGNOSTIC_NOT_FORMALLY_RELIABLE,False,0,
baseline__nonlinear_stiffness_mild,baseline,nonlinear_stiffness_mild,P0_SUPPORTED_ONLY_GREEDY,2,1,EXPLOIT,asym_h+0.000_k-2.000_p+0.00000,0,-2,0,0,-1,0,0,-2,0,0.989074810134,0.985851904505,0.99285996785,0.985851904505,-0.00543144199902,-0.00700806334476,IMPROVE,IMPROVE,0.17770350635,-0.177272064351,True,99.7506234414,0,LOCALITY_CONTROL_NOT_RELIABILITY_SCORE,True,False,EXECUTED,True,1,RESEARCH_DIAGNOSTIC_NOT_FORMALLY_RELIABLE,False,0,
baseline__nonlinear_stiffness_mild,baseline,nonlinear_stiffness_mild,P0_SUPPORTED_ONLY_GREEDY,3,1,EXPLOIT,asym_h+0.000_k-3.000_p+0.00000,0,-3,0,0,-2,0,0,-3,0,0.983702659805,0.978970074729,0.985851904505,0.978970074729,-0.00537041370914,-0.00688182977607,IMPROVE,IMPROVE,0.177487241151,-0.177116827442,True,99.7506234414,0,LOCALITY_CONTROL_NOT_RELIABILITY_SCORE,True,False,EXECUTED,True,1,RESEARCH_DIAGNOSTIC_NOT_FORMALLY_RELIABLE,False,0,
baseline__nonlinear_stiffness_mild,baseline,nonlinear_stiffness_mild,P0_SUPPORTED_ONLY_GREEDY,4,1,EXPLOIT,asym_h+0.000_k-4.000_p+0.00000,0,-4,0,0,-3,0,0,-4,0,0.978388671661,0.972213254433,0.978970074729,0.972213254433,-0.00530999054425,-0.00675682029575,IMPROVE,IMPROVE,0.177169907236,-0.176859916692,True,99.7506234414,0,LOCALITY_CONTROL_NOT_RELIABILITY_SCORE,True,False,EXECUTED,True,1,RESEARCH_DIAGNOSTIC_NOT_FORMALLY_RELIABLE,False,0,
baseline__nonlinear_stiffness_mild,baseline,nonlinear_stiffness_mild,P0_SUPPORTED_ONLY_GREEDY,5,1,EXPLOIT,asym_h+0.000_k-5.000_p+0.00000,0,-5,0,0,-4,0,0,-5,0,0.97313233704,0.965580186606,0.972213254433,0.965580186606,-0.00524996905166,-0.00663306782708,IMPROVE,IMPROVE,0.176793121688,-0.176543152636,True,99.7506234414,0,LOCALITY_CONTROL_NOT_RELIABILITY_SCORE,True,False,EXECUTED,True,1,RESEARCH_DIAGNOSTIC_NOT_FORMALLY_RELIABLE,False,0,
baseline__nonlinear_stiffness_mild,baseline,nonlinear_stiffness_mild,P0_SUPPORTED_ONLY_GREEDY,6,1,EXPLOIT,asym_h+1.000_k-5.000_p+0.00000,1,-5,0,0,-5,0,0,-5,0,0.971776798507,0.964604379934,0.965580186606,0.965580186606,-0.00134684544369,-0.000975806672537,NEUTRAL,NEUTRAL,0.176379407773,-0.180032562329,True,100,0,LOCALITY_CONTROL_NOT_RELIABILITY_SCORE,False,False,EXECUTED,True,1,RESEARCH_DIAGNOSTIC_NOT_FORMALLY_RELIABLE,False,0,STOP_MAX_PERSONALIZATION_TRIALS
baseline__hip_knee_coupling_mild,baseline,hip_knee_coupling_mild,P0_SUPPORTED_ONLY_GREEDY,1,1,EXPLOIT,asym_h+0.000_k-1.000_p+0.00000,0,-1,0,0,0,0,0,-1,0,0.994024169489,0.993864726096,1,0.993864726096,-0.00597583051053,-0.00613527390359,IMPROVE,IMPROVE,0.115846899894,-0.114871069383,True,100,0,LOCALITY_CONTROL_NOT_RELIABILITY_SCORE,True,False,EXECUTED,True,1,RESEARCH_DIAGNOSTIC_NOT_FORMALLY_RELIABLE,False,0,
baseline__hip_knee_coupling_mild,baseline,hip_knee_coupling_mild,P0_SUPPORTED_ONLY_GREEDY,2,1,EXPLOIT,asym_h+0.000_k-2.000_p+0.00000,0,-2,0,0,-1,0,0,-2,0,0.988128661664,0.98781879049,0.993864726096,0.98781879049,-0.00589538625237,-0.00604593560597,IMPROVE,IMPROVE,0.115854782822,-0.11495939657,True,99.7506234414,0,LOCALITY_CONTROL_NOT_RELIABILITY_SCORE,True,False,EXECUTED,True,1,RESEARCH_DIAGNOSTIC_NOT_FORMALLY_RELIABLE,False,0,
baseline__hip_knee_coupling_mild,baseline,hip_knee_coupling_mild,P0_SUPPORTED_ONLY_GREEDY,3,1,EXPLOIT,asym_h+0.000_k-3.000_p+0.00000,0,-3,0,0,-2,0,0,-3,0,0.982312478877,0.981856987217,0.98781879049,0.981856987217,-0.00581577112449,-0.00596180327359,IMPROVE,IMPROVE,0.115843562321,-0.115027791196,True,99.7506234414,0,LOCALITY_CONTROL_NOT_RELIABILITY_SCORE,True,False,EXECUTED,True,1,RESEARCH_DIAGNOSTIC_NOT_FORMALLY_RELIABLE,False,0,
baseline__hip_knee_coupling_mild,baseline,hip_knee_coupling_mild,P0_SUPPORTED_ONLY_GREEDY,4,1,EXPLOIT,asym_h+0.000_k-4.000_p+0.00000,0,-4,0,0,-3,0,0,-4,0,0.976575209922,0.975979016574,0.981856987217,0.975979016574,-0.00573652110029,-0.00587797064288,IMPROVE,IMPROVE,0.115820477692,-0.115083956592,True,99.7506234414,0,LOCALITY_CONTROL_NOT_RELIABILITY_SCORE,True,False,EXECUTED,True,1,RESEARCH_DIAGNOSTIC_NOT_FORMALLY_RELIABLE,False,0,
baseline__hip_knee_coupling_mild,baseline,hip_knee_coupling_mild,P0_SUPPORTED_ONLY_GREEDY,5,1,EXPLOIT,asym_h+0.000_k-5.000_p+0.00000,0,-5,0,0,-4,0,0,-5,0,0.970916474364,0.970184548874,0.975979016574,0.970184548874,-0.00565764284131,-0.00579446769953,IMPROVE,IMPROVE,0.115789308805,-0.115131665964,True,99.7506234414,0,LOCALITY_CONTROL_NOT_RELIABILITY_SCORE,True,False,EXECUTED,True,1,RESEARCH_DIAGNOSTIC_NOT_FORMALLY_RELIABLE,False,0,
baseline__hip_knee_coupling_mild,baseline,hip_knee_coupling_mild,P0_SUPPORTED_ONLY_GREEDY,6,1,EXPLOIT,asym_h+1.000_k-5.000_p+0.00000,1,-5,0,0,-5,0,0,-5,0,0.969211227427,0.96830630843,0.970184548874,0.970184548874,-0.00170381399201,-0.00187824044412,NEUTRAL,NEUTRAL,0.115752259043,-0.119048445051,True,100,0,LOCALITY_CONTROL_NOT_RELIABILITY_SCORE,False,False,EXECUTED,True,1,RESEARCH_DIAGNOSTIC_NOT_FORMALLY_RELIABLE,False,0,STOP_MAX_PERSONALIZATION_TRIALS
baseline__nonlinear_damping_mild,baseline,nonlinear_damping_mild,P0_SUPPORTED_ONLY_GREEDY,1,1,EXPLOIT,asym_h+0.000_k-1.000_p+0.00000,0,-1,0,0,0,0,0,-1,0,0.99409193014,0.994088206232,1,0.994088206232,-0.0059080698603,-0.00591179376796,IMPROVE,IMPROVE,0.000233410250437,0.00067465960986,True,100,0,LOCALITY_CONTROL_NOT_RELIABILITY_SCORE,True,False,EXECUTED,True,1,RESEARCH_DIAGNOSTIC_NOT_FORMALLY_RELIABLE,False,0,
baseline__nonlinear_damping_mild,baseline,nonlinear_damping_mild,P0_SUPPORTED_ONLY_GREEDY,2,1,EXPLOIT,asym_h+0.000_k-2.000_p+0.00000,0,-2,0,0,-1,0,0,-2,0,0.988261812707,0.988258909883,0.994088206232,0.988258909883,-0.00583014704818,-0.00582929634889,IMPROVE,IMPROVE,0.000256795562238,0.000573351485942,True,99.7506234414,0,LOCALITY_CONTROL_NOT_RELIABILITY_SCORE,True,False,EXECUTED,True,1,RESEARCH_DIAGNOSTIC_NOT_FORMALLY_RELIABLE,False,0,
baseline__nonlinear_damping_mild,baseline,nonlinear_damping_mild,P0_SUPPORTED_ONLY_GREEDY,3,1,EXPLOIT,asym_h+0.000_k-3.000_p+0.00000,0,-3,0,0,-2,0,0,-3,0,0.982508938697,0.982506817284,0.988258909883,0.982506817284,-0.0057529101987,-0.00575209259893,IMPROVE,IMPROVE,0.000274715576522,0.000478194622181,True,99.7506234414,0,LOCALITY_CONTROL_NOT_RELIABILITY_SCORE,True,False,EXECUTED,True,1,RESEARCH_DIAGNOSTIC_NOT_FORMALLY_RELIABLE,False,0,
baseline__nonlinear_damping_mild,baseline,nonlinear_damping_mild,P0_SUPPORTED_ONLY_GREEDY,4,1,EXPLOIT,asym_h+0.000_k-4.000_p+0.00000,0,-4,0,0,-3,0,0,-4,0,0.976832973427,0.976831607263,0.982506817284,0.976831607263,-0.00567600132816,-0.00567521002104,IMPROVE,IMPROVE,0.000289123368521,0.000386877959637,True,99.7506234414,0,LOCALITY_CONTROL_NOT_RELIABILITY_SCORE,True,False,EXECUTED,True,1,RESEARCH_DIAGNOSTIC_NOT_FORMALLY_RELIABLE,False,0,
baseline__nonlinear_damping_mild,baseline,nonlinear_damping_mild,P0_SUPPORTED_ONLY_GREEDY,5,1,EXPLOIT,asym_h+0.000_k-5.000_p+0.00000,0,-5,0,0,-4,0,0,-5,0,0.971233563259,0.971232932129,0.976831607263,0.971232932129,-0.00559944415833,-0.00559867513412,IMPROVE,IMPROVE,0.000301095222776,0.000298348935549,True,99.7506234414,0,LOCALITY_CONTROL_NOT_RELIABILITY_SCORE,True,False,EXECUTED,True,1,RESEARCH_DIAGNOSTIC_NOT_FORMALLY_RELIABLE,False,0,
baseline__nonlinear_damping_mild,baseline,nonlinear_damping_mild,P0_SUPPORTED_ONLY_GREEDY,6,1,EXPLOIT,asym_h+1.000_k-5.000_p+0.00000,1,-5,0,0,-5,0,0,-5,0,0.969449111925,0.969452906636,0.971232932129,0.971232932129,-0.0017844828931,-0.00178002549302,NEUTRAL,NEUTRAL,0.000311288010574,-0.00352680511748,True,100,0,LOCALITY_CONTROL_NOT_RELIABILITY_SCORE,False,False,EXECUTED,True,1,RESEARCH_DIAGNOSTIC_NOT_FORMALLY_RELIABLE,False,0,STOP_MAX_PERSONALIZATION_TRIALS
baseline__nonlinear_damping_mild,baseline,nonlinear_damping_mild,P1_DECISION_GUARDED_EXPLOIT_ONLY,1,1,EXPLOIT,asym_h+0.000_k-1.000_p+0.00000,0,-1,0,0,0,0,0,-1,0,0.99409193014,0.994088206232,1,0.994088206232,-0.0059080698603,-0.00591179376796,IMPROVE,IMPROVE,0.000233410250437,0.00067465960986,True,100,0,LOCALITY_CONTROL_NOT_RELIABILITY_SCORE,True,False,EXECUTED,True,1,RESEARCH_DIAGNOSTIC_NOT_FORMALLY_RELIABLE,False,0,
baseline__nonlinear_damping_mild,baseline,nonlinear_damping_mild,P1_DECISION_GUARDED_EXPLOIT_ONLY,2,1,EXPLOIT,asym_h+0.000_k-2.000_p+0.00000,0,-2,0,0,-1,0,0,-2,0,0.988261812707,0.988258909883,0.994088206232,0.988258909883,-0.00583014704818,-0.00582929634889,IMPROVE,IMPROVE,0.000256795562238,0.000573351485942,True,99.7506234414,0,LOCALITY_CONTROL_NOT_RELIABILITY_SCORE,True,False,EXECUTED,True,1,RESEARCH_DIAGNOSTIC_NOT_FORMALLY_RELIABLE,False,0,
baseline__nonlinear_damping_mild,baseline,nonlinear_damping_mild,P1_DECISION_GUARDED_EXPLOIT_ONLY,3,1,EXPLOIT,asym_h+0.000_k-3.000_p+0.00000,0,-3,0,0,-2,0,0,-3,0,0.982508938697,0.982506817284,0.988258909883,0.982506817284,-0.0057529101987,-0.00575209259893,IMPROVE,IMPROVE,0.000274715576522,0.000478194622181,True,99.7506234414,0,LOCALITY_CONTROL_NOT_RELIABILITY_SCORE,True,False,EXECUTED,True,1,RESEARCH_DIAGNOSTIC_NOT_FORMALLY_RELIABLE,False,0,
baseline__nonlinear_damping_mild,baseline,nonlinear_damping_mild,P1_DECISION_GUARDED_EXPLOIT_ONLY,4,1,EXPLOIT,asym_h+0.000_k-4.000_p+0.00000,0,-4,0,0,-3,0,0,-4,0,0.976832973427,0.976831607263,0.982506817284,0.976831607263,-0.00567600132816,-0.00567521002104,IMPROVE,IMPROVE,0.000289123368521,0.000386877959637,True,99.7506234414,0,LOCALITY_CONTROL_NOT_RELIABILITY_SCORE,True,False,EXECUTED,True,1,RESEARCH_DIAGNOSTIC_NOT_FORMALLY_RELIABLE,False,0,
baseline__nonlinear_damping_mild,baseline,nonlinear_damping_mild,P1_DECISION_GUARDED_EXPLOIT_ONLY,5,1,EXPLOIT,asym_h+0.000_k-5.000_p+0.00000,0,-5,0,0,-4,0,0,-5,0,0.971233563259,0.971232932129,0.976831607263,0.971232932129,-0.00559944415833,-0.00559867513412,IMPROVE,IMPROVE,0.000301095222776,0.000298348935549,True,99.7506234414,0,LOCALITY_CONTROL_NOT_RELIABILITY_SCORE,True,False,EXECUTED,True,1,RESEARCH_DIAGNOSTIC_NOT_FORMALLY_RELIABLE,False,0,
baseline__nonlinear_damping_mild,baseline,nonlinear_damping_mild,P2_DECISION_GUARDED_EXPLORE_EXPLOIT,1,1,EXPLOIT,asym_h+0.000_k-1.000_p+0.00000,0,-1,0,0,0,0,0,-1,0,0.99409193014,0.994088206232,1,0.994088206232,-0.0059080698603,-0.00591179376796,IMPROVE,IMPROVE,0.000233410250437,0.00067465960986,True,100,0,LOCALITY_CONTROL_NOT_RELIABILITY_SCORE,True,False,EXECUTED,True,1,RESEARCH_DIAGNOSTIC_NOT_FORMALLY_RELIABLE,False,0,
baseline__nonlinear_damping_mild,baseline,nonlinear_damping_mild,P2_DECISION_GUARDED_EXPLORE_EXPLOIT,2,1,EXPLOIT,asym_h+0.000_k-2.000_p+0.00000,0,-2,0,0,-1,0,0,-2,0,0.988261812707,0.988258909883,0.994088206232,0.988258909883,-0.00583014704818,-0.00582929634889,IMPROVE,IMPROVE,0.000256795562238,0.000573351485942,True,99.7506234414,0,LOCALITY_CONTROL_NOT_RELIABILITY_SCORE,True,False,EXECUTED,True,1,RESEARCH_DIAGNOSTIC_NOT_FORMALLY_RELIABLE,False,0,
baseline__nonlinear_damping_mild,baseline,nonlinear_damping_mild,P2_DECISION_GUARDED_EXPLORE_EXPLOIT,3,1,EXPLOIT,asym_h+0.000_k-3.000_p+0.00000,0,-3,0,0,-2,0,0,-3,0,0.982508938697,0.982506817284,0.988258909883,0.982506817284,-0.0057529101987,-0.00575209259893,IMPROVE,IMPROVE,0.000274715576522,0.000478194622181,True,99.7506234414,0,LOCALITY_CONTROL_NOT_RELIABILITY_SCORE,True,False,EXECUTED,True,1,RESEARCH_DIAGNOSTIC_NOT_FORMALLY_RELIABLE,False,0,
baseline__nonlinear_damping_mild,baseline,nonlinear_damping_mild,P2_DECISION_GUARDED_EXPLORE_EXPLOIT,4,1,EXPLOIT,asym_h+0.000_k-4.000_p+0.00000,0,-4,0,0,-3,0,0,-4,0,0.976832973427,0.976831607263,0.982506817284,0.976831607263,-0.00567600132816,-0.00567521002104,IMPROVE,IMPROVE,0.000289123368521,0.000386877959637,True,99.7506234414,0,LOCALITY_CONTROL_NOT_RELIABILITY_SCORE,True,False,EXECUTED,True,1,RESEARCH_DIAGNOSTIC_NOT_FORMALLY_RELIABLE,False,0,
baseline__nonlinear_damping_mild,baseline,nonlinear_damping_mild,P2_DECISION_GUARDED_EXPLORE_EXPLOIT,5,1,EXPLOIT,asym_h+0.000_k-5.000_p+0.00000,0,-5,0,0,-4,0,0,-5,0,0.971233563259,0.971232932129,0.976831607263,0.971232932129,-0.00559944415833,-0.00559867513412,IMPROVE,IMPROVE,0.000301095222776,0.000298348935549,True,99.7506234414,0,LOCALITY_CONTROL_NOT_RELIABILITY_SCORE,True,False,EXECUTED,True,1,RESEARCH_DIAGNOSTIC_NOT_FORMALLY_RELIABLE,False,0,
baseline__structured_residual,baseline,structured_residual,P0_SUPPORTED_ONLY_GREEDY,1,1,EXPLOIT,asym_h+0.000_k-1.000_p+0.00000,0,-1,0,0,0,0,0,-1,0,0.994096780696,0.994139591205,1,0.994139591205,-0.00590321930374,-0.00586040879542,IMPROVE,IMPROVE,0.00753215325456,-0.00662893395082,True,100,0,LOCALITY_CONTROL_NOT_RELIABILITY_SCORE,True,False,EXECUTED,True,1,RESEARCH_DIAGNOSTIC_NOT_FORMALLY_RELIABLE,False,0,
baseline__structured_residual,baseline,structured_residual,P0_SUPPORTED_ONLY_GREEDY,2,1,EXPLOIT,asym_h+0.000_k-2.000_p+0.00000,0,-2,0,0,-1,0,0,-2,0,0.988271266826,0.988364352664,0.994139591205,0.988364352664,-0.00582552696211,-0.00577523854089,IMPROVE,IMPROVE,0.00750250899459,-0.00667698203248,True,99.7506234414,0,LOCALITY_CONTROL_NOT_RELIABILITY_SCORE,True,False,EXECUTED,True,1,RESEARCH_DIAGNOSTIC_NOT_FORMALLY_RELIABLE,False,0,
baseline__structured_residual,baseline,structured_residual,P0_SUPPORTED_ONLY_GREEDY,3,1,EXPLOIT,asym_h+0.000_k-3.000_p+0.00000,0,-3,0,0,-2,0,0,-3,0,0.982522938714,0.982668813994,0.988364352664,0.982668813994,-0.00574845691293,-0.00569553867002,IMPROVE,IMPROVE,0.00746405201291,-0.00671559509998,True,99.7506234414,0,LOCALITY_CONTROL_NOT_RELIABILITY_SCORE,True,False,EXECUTED,True,1,RESEARCH_DIAGNOSTIC_NOT_FORMALLY_RELIABLE,False,0,
baseline__structured_residual,baseline,structured_residual,P0_SUPPORTED_ONLY_GREEDY,4,1,EXPLOIT,asym_h+0.000_k-4.000_p+0.00000,0,-4,0,0,-3,0,0,-4,0,0.976851536668,0.977052538599,0.982668813994,0.977052538599,-0.00567168340886,-0.00561627539421,IMPROVE,IMPROVE,0.00742088927034,-0.00674920586148,True,99.7506234414,0,LOCALITY_CONTROL_NOT_RELIABILITY_SCORE,True,False,EXECUTED,True,1,RESEARCH_DIAGNOSTIC_NOT_FORMALLY_RELIABLE,False,0,
baseline__structured_residual,baseline,structured_residual,P0_SUPPORTED_ONLY_GREEDY,5,1,EXPLOIT,asym_h+0.000_k-5.000_p+0.00000,0,-5,0,0,-4,0,0,-5,0,0.971256740499,0.971515062695,0.977052538599,0.971515062695,-0.00559524514182,-0.00553747590443,IMPROVE,IMPROVE,0.00737487554298,-0.00677963040116,True,99.7506234414,0,LOCALITY_CONTROL_NOT_RELIABILITY_SCORE,True,False,EXECUTED,True,1,RESEARCH_DIAGNOSTIC_NOT_FORMALLY_RELIABLE,False,0,
baseline__structured_residual,baseline,structured_residual,P0_SUPPORTED_ONLY_GREEDY,6,1,EXPLOIT,asym_h+1.000_k-5.000_p+0.00000,1,-5,0,0,-5,0,0,-5,0,0.969491420925,0.96973459063,0.971515062695,0.971515062695,-0.0017659424677,-0.00178047206508,NEUTRAL,NEUTRAL,0.00732693836683,-0.0105609958991,True,100,0,LOCALITY_CONTROL_NOT_RELIABILITY_SCORE,False,False,EXECUTED,True,1,RESEARCH_DIAGNOSTIC_NOT_FORMALLY_RELIABLE,False,0,STOP_MAX_PERSONALIZATION_TRIALS
baseline__combined_mild,baseline,combined_mild,P0_SUPPORTED_ONLY_GREEDY,1,1,EXPLOIT,asym_h+0.000_k-1.000_p+0.00000,0,-1,0,0,0,0,0,-1,0,0.994354354795,0.993146983275,1,0.993146983275,-0.00564564520518,-0.00685301672549,IMPROVE,IMPROVE,0.216052982758,-0.215407337552,True,100,0,LOCALITY_CONTROL_NOT_RELIABILITY_SCORE,True,False,EXECUTED,True,1,RESEARCH_DIAGNOSTIC_NOT_FORMALLY_RELIABLE,False,0,
baseline__combined_mild,baseline,combined_mild,P0_SUPPORTED_ONLY_GREEDY,2,1,EXPLOIT,asym_h+0.000_k-2.000_p+0.00000,0,-2,0,0,-1,0,0,-2,0,0.988776354446,0.986413392057,0.993146983275,0.986413392057,-0.00557791355752,-0.00673359121706,IMPROVE,IMPROVE,0.216042773639,-0.215464860081,True,99.7506234414,0,LOCALITY_CONTROL_NOT_RELIABILITY_SCORE,True,False,EXECUTED,True,1,RESEARCH_DIAGNOSTIC_NOT_FORMALLY_RELIABLE,False,0,
baseline__combined_mild,baseline,combined_mild,P0_SUPPORTED_ONLY_GREEDY,3,1,EXPLOIT,asym_h+0.000_k-3.000_p+0.00000,0,-3,0,0,-2,0,0,-3,0,0.983263456356,0.979793710452,0.986413392057,0.979793710452,-0.00551136359254,-0.00661968160586,IMPROVE,IMPROVE,0.215887114789,-0.215375751196,True,99.7506234414,0,LOCALITY_CONTROL_NOT_RELIABILITY_SCORE,True,False,EXECUTED,True,1,RESEARCH_DIAGNOSTIC_NOT_FORMALLY_RELIABLE,False,0,
baseline__combined_mild,baseline,combined_mild,P0_SUPPORTED_ONLY_GREEDY,4,1,EXPLOIT,asym_h+0.000_k-4.000_p+0.00000,0,-4,0,0,-3,0,0,-4,0,0.977814735156,0.973287025937,0.979793710452,0.973287025937,-0.0054453547116,-0.00650668451481,IMPROVE,IMPROVE,0.215651518222,-0.21520616351,True,99.7506234414,0,LOCALITY_CONTROL_NOT_RELIABILITY_SCORE,True,False,EXECUTED,True,1,RESEARCH_DIAGNOSTIC_NOT_FORMALLY_RELIABLE,False,0,
baseline__combined_mild,baseline,combined_mild,P0_SUPPORTED_ONLY_GREEDY,5,1,EXPLOIT,asym_h+0.000_k-5.000_p+0.00000,0,-5,0,0,-4,0,0,-5,0,0.972429722866,0.966892394609,0.973287025937,0.966892394609,-0.00537973678607,-0.0063946313282,IMPROVE,IMPROVE,0.215367998264,-0.214988261478,True,99.7506234414,0,LOCALITY_CONTROL_NOT_RELIABILITY_SCORE,True,False,EXECUTED,True,1,RESEARCH_DIAGNOSTIC_NOT_FORMALLY_RELIABLE,False,0,
baseline__combined_mild,baseline,combined_mild,P0_SUPPORTED_ONLY_GREEDY,6,1,EXPLOIT,asym_h+1.000_k-5.000_p+0.00000,1,-5,0,0,-5,0,0,-5,0,0.970938962408,0.965481081626,0.966892394609,0.966892394609,-0.00148361161879,-0.00141131298255,NEUTRAL,NEUTRAL,0.215054040737,-0.218570429118,True,100,0,LOCALITY_CONTROL_NOT_RELIABILITY_SCORE,False,False,EXECUTED,True,1,RESEARCH_DIAGNOSTIC_NOT_FORMALLY_RELIABLE,False,0,STOP_MAX_PERSONALIZATION_TRIALS
