adapter_query_finished_s,adapter_query_started_s,deadline_miss,finished_perf_ns,invalid_reason,query_duration_ms,raw_force_frame,sample_index,scheduled_perf_ns,start_lateness_ms,started_perf_ns,valid
3113400.7028703,3113400.7018662,False,3113400702921900,,1.0681,world,0,3113400701852900,0.0009,3113400701853800,True
3113400.733834,3113400.7329327,False,3113400733879400,,0.9725,world,1,3113400721852900,11.054,3113400732906900,True
3113400.7498578,3113400.7489719,False,3113400749950200,,1.0348,world,2,3113400741852900,7.0625,3113400748915400,True
3113400.7742319,3113400.773142,False,3113400774293700,,1.2956,world,3,3113400761852900,11.1452,3113400772998100,True
3113400.7901079,3113400.7890695,False,3113400790220400,,1.1938,world,4,3113400781852900,7.1737,3113400789026600,True
3113400.8139949,3113400.8130588,False,3113400814060800,,1.0361,world,5,3113400801852900,11.1718,3113400813024700,True
3113400.8301118,3113400.8290543,False,3113400830209200,,1.1793,world,6,3113400821852900,7.177,3113400829029900,True
3113400.8541675,3113400.8530703,False,3113400854220800,,1.1747,world,7,3113400841852900,11.1932,3113400853046100,True
3113400.86993,3113400.8690795,False,3113400869980300,,0.9241,world,8,3113400861852900,7.2033,3113400869056200,True
3113400.8939666,3113400.8928893,False,3113400894020500,,1.1596,world,9,3113400881852900,11.008,3113400892860900,True
3113400.9099096,3113400.9090526,False,3113400909964800,,0.9366,world,10,3113400901852900,7.1753,3113400909028200,True
3113400.9340039,3113400.9328794,False,3113400934058800,,1.2033,world,11,3113400921852900,11.0026,3113400932855500,True
3113400.9498525,3113400.9488777,False,3113400949898300,,1.0445,world,12,3113400941852900,7.0009,3113400948853800,True
3113400.9738906,3113400.9729606,False,3113400973954100,,1.0525,world,13,3113400961852900,11.0487,3113400972901600,True
3113400.9899194,3113400.9888574,False,3113400990012800,,1.1796,world,14,3113400981852900,6.9803,3113400988833200,True
3113401.0138467,3113401.0128832,False,3113401013894900,,1.0389,world,15,3113401001852900,11.0031,3113401012856000,True
3113401.0297694,3113401.028899,False,3113401029815500,,0.9406,world,16,3113401021852900,7.022,3113401028874900,True
3113401.0538293,3113401.0528999,False,3113401053873500,,0.9972,world,17,3113401041852900,11.0234,3113401052876300,True
3113401.0698341,3113401.0688792,False,3113401069878100,,1.0225,world,18,3113401061852900,7.0027,3113401068855600,True
3113401.0937902,3113401.0929192,False,3113401093830300,,0.937,world,19,3113401081852900,11.0404,3113401092893300,True
3113401.1098095,3113401.1088739,False,3113401109849800,,0.9984,world,20,3113401101852900,6.9985,3113401108851400,True
3113401.1339109,3113401.1330363,False,3113401133971400,,0.9596,world,21,3113401121852900,11.1589,3113401133011800,True
3113401.149813,3113401.1488618,False,3113401149857600,,1.02,world,22,3113401141852900,6.9847,3113401148837600,True
3113401.1738027,3113401.1728889,False,3113401173871000,,1.0415,world,23,3113401161852900,10.9766,3113401172829500,True
3113401.1898147,3113401.1888852,False,3113401189911300,,1.0416,world,24,3113401181852900,7.0168,3113401188869700,True
3113401.2137937,3113401.2129086,False,3113401213857500,,0.9853,world,25,3113401201852900,11.0193,3113401212872200,True
3113401.2301407,3113401.2291334,False,3113401230203500,,1.1137,world,26,3113401221852900,7.2369,3113401229089800,True
3113401.2537666,3113401.2528295,False,3113401253810400,,1.0054,world,27,3113401241852900,10.9521,3113401252805000,True
3113401.270082,3113401.2690643,False,3113401270136100,,1.0965,world,28,3113401261852900,7.1867,3113401269039600,True
3113401.2937564,3113401.2928433,False,3113401293805800,,0.9879,world,29,3113401281852900,10.965,3113401292817900,True
3113401.3655814,3113401.3288616,True,3113401365720200,,36.8982,world,30,3113401328820500,0.0015,3113401328822000,True
3113401.3668195,3113401.3657509,False,3113401366881000,,1.1498,world,31,3113401348820500,16.9107,3113401365731200,True
3113401.3818559,3113401.3808845,False,3113401381982400,,1.1496,world,32,3113401368820500,12.0123,3113401380832800,True
3113401.3977785,3113401.3968713,False,3113401397831900,,0.9883,world,33,3113401388820500,8.0231,3113401396843600,True
3113401.4219436,3113401.420779,False,3113401422077800,,1.3213,world,34,3113401408820500,11.936,3113401420756500,True
3113401.4381765,3113401.4369884,False,3113401438357100,,1.4545,world,35,3113401428820500,8.0821,3113401436902600,True
3113401.4619513,3113401.4609034,False,3113401462034200,,1.1709,world,36,3113401448820500,12.0428,3113401460863300,True
3113401.4777942,3113401.4768558,False,3113401477857200,,1.0339,world,37,3113401468820500,8.0028,3113401476823300,True
3113401.5017607,3113401.5008513,False,3113401501820700,,1.0004,world,38,3113401488820500,11.9998,3113401500820300,True
3113401.5177444,3113401.5168071,False,3113401517813500,,1.0513,world,39,3113401508820500,7.9417,3113401516762200,True
3113401.5418143,3113401.5408392,False,3113401541882900,,1.0745,world,40,3113401528820500,11.9879,3113401540808400,True
3113401.5577729,3113401.556859,False,3113401557828200,,1.0102,world,41,3113401548820500,7.9975,3113401556818000,True
3113401.5823767,3113401.5810596,False,3113401582534100,,1.5643,world,42,3113401568820500,12.1493,3113401580969800,True
3113401.5984735,3113401.5970804,False,3113401598611900,,1.5994,world,43,3113401588820500,8.192,3113401597012500,True
3113401.6219738,3113401.6209465,False,3113401622069800,,1.1897,world,44,3113401608820500,12.0596,3113401620880100,True
3113401.6378058,3113401.6368623,False,3113401637876700,,1.0455,world,45,3113401628820500,8.0107,3113401636831200,True
3113401.6617271,3113401.6608436,False,3113401661785400,,0.9792,world,46,3113401648820500,11.9857,3113401660806200,True
3113401.6782357,3113401.6770205,False,3113401678371800,,1.4202,world,47,3113401668820500,8.1311,3113401676951600,True
3113401.7023294,3113401.7010315,False,3113401702528900,,1.5623,world,48,3113401688820500,12.1461,3113401700966600,True
3113401.7178695,3113401.7168639,False,3113401717951500,,1.1289,world,49,3113401708820500,8.0021,3113401716822600,True
3113401.7418127,3113401.7408374,False,3113401741875800,,1.0698,world,50,3113401728820500,11.9855,3113401740806000,True
3113401.7577489,3113401.7568522,False,3113401757815600,,1.0056,world,51,3113401748820500,7.9895,3113401756810000,True
3113401.7818448,3113401.780889,False,3113401781958500,,1.1113,world,52,3113401768820500,12.0267,3113401780847200,True
3113401.797793,3113401.7968804,False,3113401797847500,,0.9986,world,53,3113401788820500,8.0284,3113401796848900,True
3113401.8219644,3113401.8209801,False,3113401822026200,,1.0734,world,54,3113401808820500,12.1323,3113401820952800,True
3113401.8379948,3113401.8369682,False,3113401838047300,,1.1027,world,55,3113401828820500,8.1241,3113401836944600,True
3113401.8619689,3113401.8609857,False,3113401862022500,,1.0605,world,56,3113401848820500,12.1415,3113401860962000,True
3113401.8780132,3113401.8768626,False,3113401878066600,,1.228,world,57,3113401868820500,8.0181,3113401876838600,True
3113401.9018259,3113401.9009252,False,3113401901870000,,0.9696,world,58,3113401888820500,12.0799,3113401900900400,True
3113401.9178234,3113401.916918,False,3113401917865400,,0.9709,world,59,3113401908820500,8.074,3113401916894500,True
3113401.9417967,3113401.9408628,False,3113401941844700,,1.0065,world,60,3113401928820500,12.0177,3113401940838200,True
3113401.9578273,3113401.9569339,False,3113401957874200,,0.9709,world,61,3113401948820500,8.0828,3113401956903300,True
3113401.9818119,3113401.980851,False,3113401981895500,,1.0723,world,62,3113401968820500,12.0027,3113401980823200,True
3113401.9978743,3113401.9969218,False,3113401997929200,,1.0345,world,63,3113401988820500,8.0742,3113401996894700,True
3113402.0218206,3113402.020853,False,3113402021865900,,1.0358,world,64,3113402008820500,12.0096,3113402020830100,True
3113402.0377862,3113402.0368532,False,3113402037828000,,0.998,world,65,3113402028820500,8.0095,3113402036830000,True
3113402.0618283,3113402.0608384,False,3113402061877500,,1.0619,world,66,3113402048820500,11.9951,3113402060815600,True
3113402.0778019,3113402.0768318,False,3113402077844500,,1.0358,world,67,3113402068820500,7.9882,3113402076808700,True
3113402.1017843,3113402.1008916,False,3113402101833700,,0.9666,world,68,3113402088820500,12.0466,3113402100867100,True
3113402.1177846,3113402.1168718,False,3113402117827800,,0.9806,world,69,3113402108820500,8.0267,3113402116847200,True
3113402.1418188,3113402.1408301,False,3113402141862200,,1.0558,world,70,3113402128820500,11.9859,3113402140806400,True
3113402.1579128,3113402.1568156,False,3113402157960600,,1.1787,world,71,3113402148820500,7.9614,3113402156781900,True
3113402.1818191,3113402.180899,False,3113402181865000,,0.9912,world,72,3113402168820500,12.0533,3113402180873800,True
3113402.1978213,3113402.1969632,False,3113402197876400,,0.9375,world,73,3113402188820500,8.1184,3113402196938900,True
3113402.2218654,3113402.2208848,False,3113402221901500,,1.0348,world,74,3113402208820500,12.0462,3113402220866700,True
3113402.2378475,3113402.2368735,False,3113402237882600,,1.0265,world,75,3113402228820500,8.0356,3113402236856100,True
3113402.2618436,3113402.2608525,False,3113402261891900,,1.0742,world,76,3113402248820500,11.9972,3113402260817700,True
3113402.277818,3113402.276868,False,3113402277878600,,1.0357,world,77,3113402268820500,8.0224,3113402276842900,True
3113402.3020321,3113402.3010314,False,3113402302084700,,1.0764,world,78,3113402288820500,12.1878,3113402301008300,True
3113402.3180373,3113402.316985,False,3113402318091600,,1.13,world,79,3113402308820500,8.1411,3113402316961600,True
3113402.3417471,3113402.3408781,False,3113402341795700,,0.9426,world,80,3113402328820500,12.0326,3113402340853100,True
3113402.3577596,3113402.3569324,False,3113402357807300,,0.9137,world,81,3113402348820500,8.0731,3113402356893600,True
3113402.3819558,3113402.3810281,False,3113402382005600,,1.0016,world,82,3113402368820500,12.1835,3113402381004000,True
3113402.3978257,3113402.3969369,False,3113402397869600,,0.9574,world,83,3113402388820500,8.0917,3113402396912200,True
3113402.421857,3113402.4208784,False,3113402421891600,,1.0303,world,84,3113402408820500,12.0408,3113402420861300,True
3113402.4378473,3113402.4368142,False,3113402437885700,,1.0889,world,85,3113402428820500,7.9763,3113402436796800,True
3113402.4617566,3113402.4608462,False,3113402461802300,,0.983,world,86,3113402448820500,11.9988,3113402460819300,True
3113402.4778074,3113402.4768907,False,3113402477862700,,1.0088,world,87,3113402468820500,8.0334,3113402476853900,True
3113402.5018011,3113402.5008846,False,3113402501850400,,0.9898,world,88,3113402488820500,12.0401,3113402500860600,True
3113402.5178219,3113402.5169233,False,3113402517865300,,0.963,world,89,3113402508820500,8.0818,3113402516902300,True
3113402.541826,3113402.5408584,False,3113402541872600,,1.0387,world,90,3113402528820500,12.0134,3113402540833900,True
3113402.5577437,3113402.5568092,False,3113402557789900,,1.0085,world,91,3113402548820500,7.9609,3113402556781400,True
3113402.5819903,3113402.5810065,False,3113402582045400,,1.0635,world,92,3113402568820500,12.1614,3113402580981900,True
3113402.5979877,3113402.5970053,False,3113402598040700,,1.0591,world,93,3113402588820500,8.1611,3113402596981600,True
3113402.6220147,3113402.6210122,False,3113402622068800,,1.0803,world,94,3113402608820500,12.168,3113402620988500,True
3113402.6379342,3113402.637012,False,3113402637984600,,0.9968,world,95,3113402628820500,8.1673,3113402636987800,True
3113402.6617642,3113402.6609219,False,3113402661810900,,0.9287,world,96,3113402648820500,12.0617,3113402660882200,True
3113402.6777603,3113402.6769199,False,3113402677806400,,0.917,world,97,3113402668820500,8.0689,3113402676889400,True
3113402.7020634,3113402.7008501,False,3113402702117200,,1.2912,world,98,3113402688820500,12.0055,3113402700826000,True
3113402.7179948,3113402.7168881,False,3113402718048900,,1.1873,world,99,3113402708820500,8.0411,3113402716861600,True
3113402.7418391,3113402.7408507,False,3113402741910200,,1.0867,world,100,3113402728820500,12.003,3113402740823500,True
3113402.7577525,3113402.7569556,False,3113402757800900,,0.8741,world,101,3113402748820500,8.1063,3113402756926800,True
3113402.7817918,3113402.780797,False,3113402781861300,,1.096,world,102,3113402768820500,11.9448,3113402780765300,True
3113402.7980108,3113402.7968509,False,3113402798063400,,1.2368,world,103,3113402788820500,8.0061,3113402796826600,True
3113402.8219208,3113402.8210236,False,3113402821971300,,0.9729,world,104,3113402808820500,12.1779,3113402820998400,True
3113402.8381394,3113402.8369503,False,3113402838258700,,1.3648,world,105,3113402828820500,8.0734,3113402836893900,True
3113402.8618982,3113402.8609293,False,3113402861991000,,1.1042,world,106,3113402848820500,12.0663,3113402860886800,True
3113402.8777925,3113402.8769113,False,3113402877855200,,0.9749,world,107,3113402868820500,8.0598,3113402876880300,True
3113402.9018734,3113402.9008643,False,3113402901931600,,1.0939,world,108,3113402888820500,12.0172,3113402900837700,True
3113402.9180378,3113402.9170116,False,3113402918096000,,1.1101,world,109,3113402908820500,8.1654,3113402916985900,True
3113402.9418005,3113402.9408932,False,3113402941856600,,0.9901,world,110,3113402928820500,12.046,3113402940866500,True
3113402.9577804,3113402.9569287,False,3113402957830500,,0.9384,world,111,3113402948820500,8.0716,3113402956892100,True
3113402.9820239,3113402.9810162,False,3113402982081500,,1.092,world,112,3113402968820500,12.169,3113402980989500,True
3113402.9979889,3113402.9969884,False,3113402998046500,,1.0833,world,113,3113402988820500,8.1427,3113402996963200,True
3113403.0219961,3113403.0209277,False,3113403022064300,,1.1639,world,114,3113403008820500,12.0799,3113403020900400,True
3113403.0378483,3113403.0368718,False,3113403037907700,,1.0634,world,115,3113403028820500,8.0238,3113403036844300,True
3113403.0618542,3113403.0609044,False,3113403061915800,,1.0428,world,116,3113403048820500,12.0525,3113403060873000,True
3113403.0778121,3113403.0769052,False,3113403077874900,,0.9998,world,117,3113403068820500,8.0546,3113403076875100,True
3113403.1018943,3113403.100873,False,3113403101943900,,1.0983,world,118,3113403088820500,12.0251,3113403100845600,True
3113403.1178575,3113403.1168453,False,3113403117916600,,1.0979,world,119,3113403108820500,7.9982,3113403116818700,True
3113403.1417926,3113403.1408646,False,3113403141842800,,1.0046,world,120,3113403128820500,12.0177,3113403140838200,True
3113403.1578164,3113403.1569538,False,3113403157868500,,0.9563,world,121,3113403148820500,8.0917,3113403156912200,True
3113403.1818207,3113403.1808877,False,3113403181867900,,1.0064,world,122,3113403168820500,12.041,3113403180861500,True
3113403.1978573,3113403.1968877,False,3113403197899800,,1.0386,world,123,3113403188820500,8.0407,3113403196861200,True
3113403.2219568,3113403.2209296,False,3113403222012100,,1.1078,world,124,3113403208820500,12.0838,3113403220904300,True
3113403.2377751,3113403.2368025,False,3113403237809700,,1.0235,world,125,3113403228820500,7.9657,3113403236786200,True
3113403.2618151,3113403.2608992,False,3113403261871600,,1.0061,world,126,3113403248820500,12.045,3113403260865500,True
3113403.2777399,3113403.276963,False,3113403277784100,,0.8513,world,127,3113403268820500,8.1123,3113403276932800,True
3113403.3022429,3113403.3010422,False,3113403302392500,,1.4084,world,128,3113403288820500,12.1636,3113403300984100,True
3113403.3182987,3113403.3170432,False,3113403318434900,,1.4559,world,129,3113403308820500,8.1585,3113403316979000,True
3113403.3421839,3113403.3410533,False,3113403342305400,,1.3146,world,130,3113403328820500,12.1703,3113403340990800,True
3113403.3581247,3113403.3571137,False,3113403358260300,,1.1965,world,131,3113403348820500,8.2433,3113403357063800,True
3113403.3821441,3113403.3810453,False,3113403382216200,,1.2014,world,132,3113403368820500,12.1943,3113403381014800,True
3113403.398076,3113403.3970283,False,3113403398150200,,1.1521,world,133,3113403388820500,8.1776,3113403396998100,True
3113403.4220292,3113403.4209035,False,3113403422102600,,1.2294,world,134,3113403408820500,12.0527,3113403420873200,True
3113403.4380451,3113403.4369037,False,3113403438113100,,1.2404,world,135,3113403428820500,8.0522,3113403436872700,True
3113403.461878,3113403.4609342,False,3113403461940700,,1.0571,world,136,3113403448820500,12.0631,3113403460883600,True
3113403.4778456,3113403.4769519,False,3113403477913000,,0.9929,world,137,3113403468820500,8.0996,3113403476920100,True
3113403.5018148,3113403.5008625,False,3113403501871100,,1.0384,world,138,3113403488820500,12.0122,3113403500832700,True
3113403.5180097,3113403.5169299,False,3113403518066600,,1.1631,world,139,3113403508820500,8.083,3113403516903500,True
3113403.5418037,3113403.5408439,False,3113403541855400,,1.0469,world,140,3113403528820500,11.988,3113403540808500,True
3113403.5578289,3113403.5569543,False,3113403557879400,,0.9672,world,141,3113403548820500,8.0917,3113403556912200,True
3113403.5819843,3113403.580961,False,3113403582042200,,1.1071,world,142,3113403568820500,12.1146,3113403580935100,True
3113403.5977919,3113403.5969315,False,3113403597845500,,0.9397,world,143,3113403588820500,8.0853,3113403596905800,True
3113403.6218682,3113403.6208666,False,3113403621925900,,1.0857,world,144,3113403608820500,12.0197,3113403620840200,True
3113403.6377885,3113403.6369001,False,3113403637840700,,0.9656,world,145,3113403628820500,8.0546,3113403636875100,True
3113403.6617962,3113403.6608804,False,3113403661846200,,0.9962,world,146,3113403648820500,12.0295,3113403660850000,True
3113403.6778904,3113403.6768929,False,3113403677939600,,1.0765,world,147,3113403668820500,8.0426,3113403676863100,True
3113403.7020063,3113403.7010149,False,3113403702062900,,1.0729,world,148,3113403688820500,12.1695,3113403700990000,True
3113403.7180142,3113403.71701,False,3113403718070700,,1.0862,world,149,3113403708820500,8.164,3113403716984500,True
3113403.7418427,3113403.7409164,False,3113403741892400,,1.0023,world,150,3113403728820500,12.0696,3113403740890100,True
3113403.757804,3113403.7569407,False,3113403757852900,,0.9527,world,151,3113403748820500,8.0797,3113403756900200,True
3113403.7821545,3113403.7810523,False,3113403782211000,,1.1942,world,152,3113403768820500,12.1963,3113403781016800,True
3113403.7980895,3113403.7970485,False,3113403798150000,,1.1277,world,153,3113403788820500,8.2018,3113403797022300,True
3113403.8220826,3113403.8210641,False,3113403822140400,,1.1017,world,154,3113403808820500,12.2182,3113403821038700,True
3113403.8379813,3113403.8370636,False,3113403838035700,,0.9974,world,155,3113403828820500,8.2178,3113403837038300,True
3113403.8618494,3113403.8609015,False,3113403861894500,,1.0199,world,156,3113403848820500,12.0541,3113403860874600,True
3113403.8778868,3113403.876884,False,3113403877974400,,1.119,world,157,3113403868820500,8.0349,3113403876855400,True
3113403.9020868,3113403.9010711,False,3113403902146800,,1.1029,world,158,3113403888820500,12.2234,3113403901043900,True
3113403.9181049,3113403.917085,False,3113403918168200,,1.1105,world,159,3113403908820500,8.2372,3113403917057700,True
3113403.9418009,3113403.9409055,False,3113403941854900,,0.9773,world,160,3113403928820500,12.0571,3113403940877600,True
3113403.9577857,3113403.9569602,False,3113403957839300,,0.9193,world,161,3113403948820500,8.0995,3113403956920000,True
3113403.9819145,3113403.9809039,False,3113403981975300,,1.0989,world,162,3113403968820500,12.0559,3113403980876400,True
3113403.9978754,3113403.9969044,False,3113403997935600,,1.0578,world,163,3113403988820500,8.0573,3113403996877800,True
3113404.0218004,3113404.0208842,False,3113404021856800,,1.0002,world,164,3113404008820500,12.0361,3113404020856600,True
3113404.0378411,3113404.0368868,False,3113404037878200,,1.0087,world,165,3113404028820500,8.049,3113404036869500,True
3113404.0618664,3113404.060888,False,3113404061910500,,1.0462,world,166,3113404048820500,12.0438,3113404060864300,True
3113404.0777726,3113404.076939,False,3113404077816000,,0.9027,world,167,3113404068820500,8.0928,3113404076913300,True
3113404.1018235,3113404.1008457,False,3113404101855400,,1.025,world,168,3113404088820500,12.0099,3113404100830400,True
3113404.1177844,3113404.1168762,False,3113404117831100,,0.9778,world,169,3113404108820500,8.0328,3113404116853300,True
3113404.1417882,3113404.1408935,False,3113404141837000,,0.9694,world,170,3113404128820500,12.0471,3113404140867600,True
3113404.1577863,3113404.1569127,False,3113404157832800,,0.9597,world,171,3113404148820500,8.0526,3113404156873100,True
3113404.1820243,3113404.1810373,False,3113404182076400,,1.0628,world,172,3113404168820500,12.1931,3113404181013600,True
3113404.1979419,3113404.1970483,False,3113404197994100,,0.9701,world,173,3113404188820500,8.2035,3113404197024000,True
3113404.2221167,3113404.2210804,False,3113404222171900,,1.1162,world,174,3113404208820500,12.2352,3113404221055700,True
3113404.2378265,3113404.2368812,False,3113404237864800,,0.9995,world,175,3113404228820500,8.0448,3113404236865300,True
3113404.2620858,3113404.2608788,False,3113404262148200,,1.302,world,176,3113404248820500,12.0257,3113404260846200,True
3113404.2778488,3113404.276923,False,3113404277904800,,1.0199,world,177,3113404268820500,8.0644,3113404276884900,True
3113404.3020138,3113404.30102,False,3113404302067500,,1.071,world,178,3113404288820500,12.176,3113404300996500,True
3113404.3177243,3113404.3168562,False,3113404317768600,,0.933,world,179,3113404308820500,8.0151,3113404316835600,True
3113404.3417963,3113404.3408555,False,3113404341843300,,1.0289,world,180,3113404328820500,11.9939,3113404340814400,True
3113404.3578226,3113404.3569046,False,3113404357873200,,0.9981,world,181,3113404348820500,8.0546,3113404356875100,True
3113404.381817,3113404.3810424,False,3113404381871300,,0.8533,world,182,3113404368820500,12.1975,3113404381018000,True
3113404.3978393,3113404.3969568,False,3113404397882000,,0.948,world,183,3113404388820500,8.1135,3113404396934000,True
3113404.4219048,3113404.4209241,False,3113404421943000,,1.0386,world,184,3113404408820500,12.0839,3113404420904400,True
3113404.4378649,3113404.4369521,False,3113404437914900,,0.9873,world,185,3113404428820500,8.1071,3113404436927600,True
3113404.4618028,3113404.4609186,False,3113404461847100,,0.9561,world,186,3113404448820500,12.0705,3113404460891000,True
3113404.4778023,3113404.4769298,False,3113404477852800,,0.9689,world,187,3113404468820500,8.0634,3113404476883900,True
3113404.5020459,3113404.5010436,False,3113404502104200,,1.084,world,188,3113404488820500,12.1997,3113404501020200,True
3113404.5179011,3113404.5169387,False,3113404517941100,,1.0227,world,189,3113404508820500,8.0979,3113404516918400,True
3113404.5418086,3113404.5408876,False,3113404541853400,,0.9899,world,190,3113404528820500,12.043,3113404540863500,True
3113404.5577922,3113404.5569362,False,3113404557836700,,0.9367,world,191,3113404548820500,8.0795,3113404556900000,True
3113404.5819187,3113404.5809599,False,3113404581961500,,1.0249,world,192,3113404568820500,12.1161,3113404580936600,True
3113404.5984863,3113404.597121,False,3113404598622600,,1.5698,world,193,3113404588820500,8.2323,3113404597052800,True
3113404.6227233,3113404.6210785,False,3113404622971900,,1.9595,world,194,3113404608820500,12.1919,3113404621012400,True
3113404.6379931,3113404.6369851,False,3113404638077500,,1.1336,world,195,3113404628820500,8.1234,3113404636943900,True
3113404.6618194,3113404.6608807,False,3113404661866400,,1.0158,world,196,3113404648820500,12.0301,3113404660850600,True
3113404.6777656,3113404.6769222,False,3113404677809100,,0.9174,world,197,3113404668820500,8.0712,3113404676891700,True
3113404.7018904,3113404.7010436,False,3113404701933400,,0.9565,world,198,3113404688820500,12.1564,3113404700976900,True
3113404.7178101,3113404.7169213,False,3113404717859900,,0.9624,world,199,3113404708820500,8.077,3113404716897500,True
3113404.7418003,3113404.7408862,False,3113404741850500,,0.9894,world,200,3113404728820500,12.0406,3113404740861100,True
3113404.7577953,3113404.756861,False,3113404757843300,,1.0074,world,201,3113404748820500,8.0154,3113404756835900,True
3113404.781854,3113404.7809427,False,3113404781902300,,0.985,world,202,3113404768820500,12.0968,3113404780917300,True
3113404.7977336,3113404.7969255,False,3113404797779300,,0.8774,world,203,3113404788820500,8.0814,3113404796901900,True
3113404.8218353,3113404.8208654,False,3113404821865500,,1.0145,world,204,3113404808820500,12.0305,3113404820851000,True
3113404.8378715,3113404.8368852,False,3113404837903900,,1.0335,world,205,3113404828820500,8.0499,3113404836870400,True
3113404.861749,3113404.860883,False,3113404861790800,,0.9331,world,206,3113404848820500,12.0372,3113404860857700,True
3113404.877859,3113404.8768357,False,3113404877903800,,1.0945,world,207,3113404868820500,7.9888,3113404876809300,True
3113404.9018719,3113404.900902,False,3113404901911200,,1.0279,world,208,3113404888820500,12.0628,3113404900883300,True
3113404.9178434,3113404.9169105,False,3113404917881600,,0.9902,world,209,3113404908820500,8.0709,3113404916891400,True
3113404.9418558,3113404.9408761,False,3113404941907900,,1.0599,world,210,3113404928820500,12.0275,3113404940848000,True
3113404.9577791,3113404.9569414,False,3113404957825000,,0.9275,world,211,3113404948820500,8.077,3113404956897500,True
3113404.9824491,3113404.9811152,False,3113404982586700,,1.5382,world,212,3113404968820500,12.228,3113404981048500,True
3113404.9984757,3113404.9971038,False,3113404998614100,,1.5764,world,213,3113404988820500,8.2172,3113404997037700,True
3113405.0221987,3113405.0210819,False,3113405022292900,,1.2513,world,214,3113405008820500,12.2211,3113405021041600,True
3113405.0381799,3113405.0371334,False,3113405038271800,,1.1798,world,215,3113405028820500,8.2715,3113405037092000,True
3113405.061931,3113405.0609368,False,3113405062019600,,1.1264,world,216,3113405048820500,12.0727,3113405060893200,True
3113405.0780001,3113405.0769973,False,3113405078083000,,1.1293,world,217,3113405068820500,8.1332,3113405076953700,True
3113405.1019334,3113405.1009778,False,3113405102010200,,1.0714,world,218,3113405088820500,12.1183,3113405100938800,True
3113405.1179425,3113405.1169764,False,3113405118021600,,1.0859,world,219,3113405108820500,8.1152,3113405116935700,True
3113405.1419742,3113405.1409028,False,3113405142055200,,1.1938,world,220,3113405128820500,12.0409,3113405140861400,True
3113405.1579126,3113405.1569126,False,3113405157995400,,1.1355,world,221,3113405148820500,8.0394,3113405156859900,True
3113405.181846,3113405.1809295,False,3113405181888800,,0.9839,world,222,3113405168820500,12.0844,3113405180904900,True
3113405.1978665,3113405.1969513,False,3113405197909300,,0.9829,world,223,3113405188820500,8.1059,3113405196926400,True
3113405.2218671,3113405.2208629,False,3113405221899500,,1.0511,world,224,3113405208820500,12.0279,3113405220848400,True
3113405.2378898,3113405.2368931,False,3113405237921100,,1.0425,world,225,3113405228820500,8.0581,3113405236878600,True
3113405.2618111,3113405.2608966,False,3113405261858500,,0.9892,world,226,3113405248820500,12.0488,3113405260869300,True
3113405.2777991,3113405.2768456,False,3113405277844800,,1.0299,world,227,3113405268820500,7.9944,3113405276814900,True
3113405.3018205,3113405.3008771,False,3113405301863100,,1.0099,world,228,3113405288820500,12.0327,3113405300853200,True
3113405.317794,3113405.3168015,False,3113405317822900,,1.035,world,229,3113405308820500,7.9674,3113405316787900,True
3113405.3417752,3113405.3408894,False,3113405341880500,,1.0167,world,230,3113405328820500,12.0433,3113405340863800,True
3113405.3577716,3113405.3568445,False,3113405357827200,,1.0135,world,231,3113405348820500,7.9932,3113405356813700,True
3113405.3817764,3113405.3808583,False,3113405381819400,,0.9849,world,232,3113405368820500,12.014,3113405380834500,True
3113405.3978128,3113405.3968366,False,3113405397855000,,1.0437,world,233,3113405388820500,7.9908,3113405396811300,True
3113405.4218137,3113405.4208452,False,3113405421847400,,1.0175,world,234,3113405408820500,12.0094,3113405420829900,True
3113405.4380207,3113405.437001,False,3113405438073800,,1.0958,world,235,3113405428820500,8.1575,3113405436978000,True
3113405.4618132,3113405.4609234,False,3113405461861500,,0.9671,world,236,3113405448820500,12.0739,3113405460894400,True
3113405.4777873,3113405.4768982,False,3113405477830100,,0.9569,world,237,3113405468820500,8.0527,3113405476873200,True
3113405.5018672,3113405.5008445,False,3113405501899200,,1.0706,world,238,3113405488820500,12.0081,3113405500828600,True
3113405.5180088,3113405.5168584,False,3113405518063100,,1.2277,world,239,3113405508820500,8.0149,3113405516835400,True
3113405.5418084,3113405.5408796,False,3113405541862600,,1.0119,world,240,3113405528820500,12.0302,3113405540850700,True
,,True,3113415563078000,"get_end_torque_error:RuntimeError:xCoreSDK getEndTorque failed (263): 超时前未收到机器人回复, 可能由于网络通信问题",10006.2627,,241,3113405548820500,7.9948,3113405556815300,False
