record_type,metric,dimension,inward_step_count,subject_id,boundary_candidate_id,inward_candidate_id,inward_delta_from_boundary,slope_toward_boundary_per_unit,improves_toward_boundary,improvement_support_fraction
SUBJECT,J,hip,1,MYOLEG_VP_001,MYOLEG_V2_P20850,MYOLEG_V2_P20125,0.0002901346959769402,-0.0011605387839077608,True,
SUBJECT,J,hip,1,MYOLEG_VP_002,MYOLEG_V2_P20850,MYOLEG_V2_P20125,0.00027751836018841125,-0.001110073440753645,True,
SUBJECT,J,hip,1,MYOLEG_VP_003,MYOLEG_V2_P20850,MYOLEG_V2_P20125,0.0002701208756914486,-0.0010804835027657944,True,
SUBJECT,J,hip,1,MYOLEG_VP_005,MYOLEG_V2_P20850,MYOLEG_V2_P20125,0.0002877213876328888,-0.0011508855505315552,True,
SUBJECT,J,hip,1,MYOLEG_VP_006,MYOLEG_V2_P20850,MYOLEG_V2_P20125,0.00026789078861821913,-0.0010715631544728765,True,
SUBJECT,J,hip,1,MYOLEG_VP_007,MYOLEG_V2_P20850,MYOLEG_V2_P20125,0.00030951524707989453,-0.0012380609883195781,True,
SUBJECT,J,hip,1,MYOLEG_VP_009,MYOLEG_V2_P20850,MYOLEG_V2_P20125,0.0003058261170785226,-0.0012233044683140903,True,
SUBJECT,J,hip,1,MYOLEG_VP_010,MYOLEG_V2_P20850,MYOLEG_V2_P20125,0.0002732908131708456,-0.0010931632526833823,True,
SUBJECT,J,hip,1,MYOLEG_VP_011,MYOLEG_V2_P20850,MYOLEG_V2_P20125,0.00029820438492478285,-0.0011928175396991314,True,
SUBJECT,J,hip,1,MYOLEG_VP_013,MYOLEG_V2_P20850,MYOLEG_V2_P20125,0.00030209611986242724,-0.001208384479449709,True,
SUBJECT,J,hip,1,MYOLEG_VP_014,MYOLEG_V2_P20850,MYOLEG_V2_P20125,0.00029869079395372644,-0.0011947631758149058,True,
SUBJECT,J,hip,1,MYOLEG_VP_015,MYOLEG_V2_P20850,MYOLEG_V2_P20125,0.00025849718303894154,-0.0010339887321557661,True,
SUBJECT,J,hip,1,MYOLEG_VP_017,MYOLEG_V2_P20850,MYOLEG_V2_P20125,0.0002945157388455355,-0.001178062955382142,True,
SUBJECT,J,hip,1,MYOLEG_VP_018,MYOLEG_V2_P20850,MYOLEG_V2_P20125,0.0002905115205436015,-0.001162046082174406,True,
SUBJECT,J,hip,1,MYOLEG_VP_019,MYOLEG_V2_P20850,MYOLEG_V2_P20125,0.00027888625049354854,-0.0011155450019741942,True,
SUBJECT,J,hip,1,MYOLEG_VP_021,MYOLEG_V2_P20850,MYOLEG_V2_P20125,0.00028156668575729515,-0.0011262667430291806,True,
SUBJECT,J,hip,1,MYOLEG_VP_022,MYOLEG_V2_P20850,MYOLEG_V2_P20125,0.0002729502816626317,-0.0010918011266505268,True,
SUBJECT,J,hip,1,MYOLEG_VP_023,MYOLEG_V2_P20850,MYOLEG_V2_P20125,0.0003035623088052386,-0.0012142492352209544,True,
SUBJECT,J,hip,1,MYOLEG_VP_025,MYOLEG_V2_P20850,MYOLEG_V2_P20125,0.0002872402980588218,-0.0011489611922352871,True,
SUBJECT,J,hip,1,MYOLEG_VP_026,MYOLEG_V2_P20850,MYOLEG_V2_P20125,0.000293504522869803,-0.001174018091479212,True,
SUBJECT,J,hip,1,MYOLEG_VP_027,MYOLEG_V2_P20850,MYOLEG_V2_P20125,0.0002805570910994204,-0.0011222283643976816,True,
SUBJECT,J,hip,1,MYOLEG_VP_029,MYOLEG_V2_P20850,MYOLEG_V2_P20125,0.00025575540578504086,-0.0010230216231401634,True,
SUBJECT,J,hip,1,MYOLEG_VP_030,MYOLEG_V2_P20850,MYOLEG_V2_P20125,0.00031330727630518584,-0.0012532291052207434,True,
SUBJECT,J,hip,1,MYOLEG_VP_031,MYOLEG_V2_P20850,MYOLEG_V2_P20125,0.00030442069434943875,-0.001217682777397755,True,
SUMMARY,J,hip,1,ALL_DEVELOPMENT,MYOLEG_V2_P20850,MYOLEG_V2_P20125,0.0002889280418049145,-0.001155712167219658,,1.0
SUBJECT,J,hip,2,MYOLEG_VP_001,MYOLEG_V2_P20850,MYOLEG_V2_P19400,0.000586333125399574,-0.001172666250799148,True,
SUBJECT,J,hip,2,MYOLEG_VP_002,MYOLEG_V2_P20850,MYOLEG_V2_P19400,0.0005597088646027704,-0.0011194177292055407,True,
SUBJECT,J,hip,2,MYOLEG_VP_003,MYOLEG_V2_P20850,MYOLEG_V2_P19400,0.0005459144229006396,-0.0010918288458012793,True,
SUBJECT,J,hip,2,MYOLEG_VP_005,MYOLEG_V2_P20850,MYOLEG_V2_P19400,0.0005803918436446676,-0.0011607836872893351,True,
SUBJECT,J,hip,2,MYOLEG_VP_006,MYOLEG_V2_P20850,MYOLEG_V2_P19400,0.0005413284901905069,-0.0010826569803810138,True,
SUBJECT,J,hip,2,MYOLEG_VP_007,MYOLEG_V2_P20850,MYOLEG_V2_P19400,0.0006240074825445419,-0.0012480149650890837,True,
SUBJECT,J,hip,2,MYOLEG_VP_009,MYOLEG_V2_P20850,MYOLEG_V2_P19400,0.0006170017329442112,-0.0012340034658884225,True,
SUBJECT,J,hip,2,MYOLEG_VP_010,MYOLEG_V2_P20850,MYOLEG_V2_P19400,0.0005514320360059388,-0.0011028640720118776,True,
SUBJECT,J,hip,2,MYOLEG_VP_011,MYOLEG_V2_P20850,MYOLEG_V2_P19400,0.0006015100580815114,-0.0012030201161630227,True,
SUBJECT,J,hip,2,MYOLEG_VP_013,MYOLEG_V2_P20850,MYOLEG_V2_P19400,0.0006089263257808009,-0.0012178526515616017,True,
SUBJECT,J,hip,2,MYOLEG_VP_014,MYOLEG_V2_P20850,MYOLEG_V2_P19400,0.0006022716793272487,-0.0012045433586544974,True,
SUBJECT,J,hip,2,MYOLEG_VP_015,MYOLEG_V2_P20850,MYOLEG_V2_P19400,0.0005229711118397429,-0.0010459422236794857,True,
SUBJECT,J,hip,2,MYOLEG_VP_017,MYOLEG_V2_P20850,MYOLEG_V2_P19400,0.0005946035347799139,-0.0011892070695598278,True,
SUBJECT,J,hip,2,MYOLEG_VP_018,MYOLEG_V2_P20850,MYOLEG_V2_P19400,0.0005864348666249075,-0.001172869733249815,True,
SUBJECT,J,hip,2,MYOLEG_VP_019,MYOLEG_V2_P20850,MYOLEG_V2_P19400,0.0005629057157542361,-0.0011258114315084722,True,
SUBJECT,J,hip,2,MYOLEG_VP_021,MYOLEG_V2_P20850,MYOLEG_V2_P19400,0.0005678479775718115,-0.001135695955143623,True,
SUBJECT,J,hip,2,MYOLEG_VP_022,MYOLEG_V2_P20850,MYOLEG_V2_P19400,0.000551385673298932,-0.001102771346597864,True,
SUBJECT,J,hip,2,MYOLEG_VP_023,MYOLEG_V2_P20850,MYOLEG_V2_P19400,0.0006121749858508663,-0.0012243499717017325,True,
SUBJECT,J,hip,2,MYOLEG_VP_025,MYOLEG_V2_P20850,MYOLEG_V2_P19400,0.0005803786332067018,-0.0011607572664134036,True,
SUBJECT,J,hip,2,MYOLEG_VP_026,MYOLEG_V2_P20850,MYOLEG_V2_P19400,0.000592893691566565,-0.00118578738313313,True,
SUBJECT,J,hip,2,MYOLEG_VP_027,MYOLEG_V2_P20850,MYOLEG_V2_P19400,0.000565810702201186,-0.001131621404402372,True,
SUBJECT,J,hip,2,MYOLEG_VP_029,MYOLEG_V2_P20850,MYOLEG_V2_P19400,0.0005168489706131041,-0.0010336979412262082,True,
SUBJECT,J,hip,2,MYOLEG_VP_030,MYOLEG_V2_P20850,MYOLEG_V2_P19400,0.0006321262476869371,-0.0012642524953738743,True,
SUBJECT,J,hip,2,MYOLEG_VP_031,MYOLEG_V2_P20850,MYOLEG_V2_P19400,0.0006139128821522899,-0.0012278257643045798,True,
SUMMARY,J,hip,2,ALL_DEVELOPMENT,MYOLEG_V2_P20850,MYOLEG_V2_P19400,0.0005833624845221208,-0.0011667249690442416,,1.0
SUBJECT,J,hip,3,MYOLEG_VP_001,MYOLEG_V2_P20850,MYOLEG_V2_P18675,0.0008885598894233793,-0.0011847465192311724,True,
SUBJECT,J,hip,3,MYOLEG_VP_002,MYOLEG_V2_P20850,MYOLEG_V2_P18675,0.0008465406835694855,-0.0011287209114259806,True,
SUBJECT,J,hip,3,MYOLEG_VP_003,MYOLEG_V2_P20850,MYOLEG_V2_P18675,0.0008273485409512338,-0.0011031313879349784,True,
SUBJECT,J,hip,3,MYOLEG_VP_005,MYOLEG_V2_P20850,MYOLEG_V2_P18675,0.0008779794094047055,-0.0011706392125396075,True,
SUBJECT,J,hip,3,MYOLEG_VP_006,MYOLEG_V2_P20850,MYOLEG_V2_P18675,0.0008202817109280724,-0.0010937089479040967,True,
SUBJECT,J,hip,3,MYOLEG_VP_007,MYOLEG_V2_P20850,MYOLEG_V2_P18675,0.0009434411695706801,-0.0012579215594275734,True,
SUBJECT,J,hip,3,MYOLEG_VP_009,MYOLEG_V2_P20850,MYOLEG_V2_P18675,0.0009334905162787788,-0.0012446540217050384,True,
SUBJECT,J,hip,3,MYOLEG_VP_010,MYOLEG_V2_P20850,MYOLEG_V2_P18675,0.0008343933324680419,-0.0011125244432907226,True,
SUBJECT,J,hip,3,MYOLEG_VP_011,MYOLEG_V2_P20850,MYOLEG_V2_P18675,0.0009098832418819036,-0.0012131776558425382,True,
SUBJECT,J,hip,3,MYOLEG_VP_013,MYOLEG_V2_P20850,MYOLEG_V2_P18675,0.0009204563236779872,-0.0012272750982373164,True,
SUBJECT,J,hip,3,MYOLEG_VP_014,MYOLEG_V2_P20850,MYOLEG_V2_P18675,0.0009107085724801012,-0.001214278096640135,True,
SUBJECT,J,hip,3,MYOLEG_VP_015,MYOLEG_V2_P20850,MYOLEG_V2_P18675,0.0007933915598314911,-0.0010578554131086548,True,
SUBJECT,J,hip,3,MYOLEG_VP_017,MYOLEG_V2_P20850,MYOLEG_V2_P18675,0.0009002284899942703,-0.0012003046533256938,True,
SUBJECT,J,hip,3,MYOLEG_VP_018,MYOLEG_V2_P20850,MYOLEG_V2_P18675,0.0008877363114191406,-0.0011836484152255207,True,
SUBJECT,J,hip,3,MYOLEG_VP_019,MYOLEG_V2_P20850,MYOLEG_V2_P18675,0.0008520261813390606,-0.0011360349084520809,True,
SUBJECT,J,hip,3,MYOLEG_VP_021,MYOLEG_V2_P20850,MYOLEG_V2_P18675,0.0008588124885386961,-0.0011450833180515947,True,
SUBJECT,J,hip,3,MYOLEG_VP_022,MYOLEG_V2_P20850,MYOLEG_V2_P18675,0.0008352737866853532,-0.0011136983822471376,True,
SUBJECT,J,hip,3,MYOLEG_VP_023,MYOLEG_V2_P20850,MYOLEG_V2_P18675,0.0009258033603163351,-0.0012344044804217802,True,
SUBJECT,J,hip,3,MYOLEG_VP_025,MYOLEG_V2_P20850,MYOLEG_V2_P18675,0.0008793799128792301,-0.0011725065505056402,True,
SUBJECT,J,hip,3,MYOLEG_VP_026,MYOLEG_V2_P20850,MYOLEG_V2_P18675,0.0008981317701470815,-0.0011975090268627753,True,
SUBJECT,J,hip,3,MYOLEG_VP_027,MYOLEG_V2_P20850,MYOLEG_V2_P18675,0.0008557299640234994,-0.001140973285364666,True,
SUBJECT,J,hip,3,MYOLEG_VP_029,MYOLEG_V2_P20850,MYOLEG_V2_P18675,0.0007832520455232084,-0.001044336060697611,True,
SUBJECT,J,hip,3,MYOLEG_VP_030,MYOLEG_V2_P20850,MYOLEG_V2_P18675,0.0009564193289132161,-0.001275225771884288,True,
SUBJECT,J,hip,3,MYOLEG_VP_031,MYOLEG_V2_P20850,MYOLEG_V2_P18675,0.0009284414631322013,-0.001237921950842935,True,
SUMMARY,J,hip,3,ALL_DEVELOPMENT,MYOLEG_V2_P20850,MYOLEG_V2_P18675,0.0008835581121491853,-0.0011780774828655804,,1.0
SUBJECT,J,knee,1,MYOLEG_VP_001,MYOLEG_V2_P20850,MYOLEG_V2_P20825,0.001094173433792478,-0.004376693735169912,True,
SUBJECT,J,knee,1,MYOLEG_VP_002,MYOLEG_V2_P20850,MYOLEG_V2_P20825,0.0012669484782094065,-0.005067793912837626,True,
SUBJECT,J,knee,1,MYOLEG_VP_003,MYOLEG_V2_P20850,MYOLEG_V2_P20825,0.001209300096017385,-0.00483720038406954,True,
SUBJECT,J,knee,1,MYOLEG_VP_005,MYOLEG_V2_P20850,MYOLEG_V2_P20825,0.0012311634036885621,-0.0049246536147542486,True,
SUBJECT,J,knee,1,MYOLEG_VP_006,MYOLEG_V2_P20850,MYOLEG_V2_P20825,0.0012238594355549193,-0.004895437742219677,True,
SUBJECT,J,knee,1,MYOLEG_VP_007,MYOLEG_V2_P20850,MYOLEG_V2_P20825,0.0012367662541493685,-0.004947065016597474,True,
SUBJECT,J,knee,1,MYOLEG_VP_009,MYOLEG_V2_P20850,MYOLEG_V2_P20825,0.0012007855450771876,-0.00480314218030875,True,
SUBJECT,J,knee,1,MYOLEG_VP_010,MYOLEG_V2_P20850,MYOLEG_V2_P20825,0.0012546772950789986,-0.0050187091803159944,True,
SUBJECT,J,knee,1,MYOLEG_VP_011,MYOLEG_V2_P20850,MYOLEG_V2_P20825,0.0012226841035059,-0.0048907364140236,True,
SUBJECT,J,knee,1,MYOLEG_VP_013,MYOLEG_V2_P20850,MYOLEG_V2_P20825,0.0012545469376246121,-0.0050181877504984485,True,
SUBJECT,J,knee,1,MYOLEG_VP_014,MYOLEG_V2_P20850,MYOLEG_V2_P20825,0.0012402027349169842,-0.004960810939667937,True,
SUBJECT,J,knee,1,MYOLEG_VP_015,MYOLEG_V2_P20850,MYOLEG_V2_P20825,0.001138190247821358,-0.004552760991285432,True,
SUBJECT,J,knee,1,MYOLEG_VP_017,MYOLEG_V2_P20850,MYOLEG_V2_P20825,0.0011912525547663755,-0.004765010219065502,True,
SUBJECT,J,knee,1,MYOLEG_VP_018,MYOLEG_V2_P20850,MYOLEG_V2_P20825,0.0011882340809782344,-0.004752936323912937,True,
SUBJECT,J,knee,1,MYOLEG_VP_019,MYOLEG_V2_P20850,MYOLEG_V2_P20825,0.001249718277906653,-0.004998873111626612,True,
SUBJECT,J,knee,1,MYOLEG_VP_021,MYOLEG_V2_P20850,MYOLEG_V2_P20825,0.001267122911315588,-0.005068491645262352,True,
SUBJECT,J,knee,1,MYOLEG_VP_022,MYOLEG_V2_P20850,MYOLEG_V2_P20825,0.0012252356398492203,-0.004900942559396881,True,
SUBJECT,J,knee,1,MYOLEG_VP_023,MYOLEG_V2_P20850,MYOLEG_V2_P20825,0.0011881970060081404,-0.0047527880240325615,True,
SUBJECT,J,knee,1,MYOLEG_VP_025,MYOLEG_V2_P20850,MYOLEG_V2_P20825,0.0011460969734705673,-0.004584387893882269,True,
SUBJECT,J,knee,1,MYOLEG_VP_026,MYOLEG_V2_P20850,MYOLEG_V2_P20825,0.0011021722651871624,-0.0044086890607486495,True,
SUBJECT,J,knee,1,MYOLEG_VP_027,MYOLEG_V2_P20850,MYOLEG_V2_P20825,0.0012615367346704431,-0.0050461469386817726,True,
SUBJECT,J,knee,1,MYOLEG_VP_029,MYOLEG_V2_P20850,MYOLEG_V2_P20825,0.0012202714734945719,-0.0048810858939782875,True,
SUBJECT,J,knee,1,MYOLEG_VP_030,MYOLEG_V2_P20850,MYOLEG_V2_P20825,0.001140932412452722,-0.004563729649810888,True,
SUBJECT,J,knee,1,MYOLEG_VP_031,MYOLEG_V2_P20850,MYOLEG_V2_P20825,0.0012192660087160245,-0.004877064034864098,True,
SUMMARY,J,knee,1,ALL_DEVELOPMENT,MYOLEG_V2_P20850,MYOLEG_V2_P20825,0.001221477788500236,-0.004885911154000944,,1.0
SUBJECT,J,knee,2,MYOLEG_VP_001,MYOLEG_V2_P20850,MYOLEG_V2_P20800,0.002208949698668694,-0.004417899397337388,True,
SUBJECT,J,knee,2,MYOLEG_VP_002,MYOLEG_V2_P20850,MYOLEG_V2_P20800,0.0025359066300837396,-0.005071813260167479,True,
SUBJECT,J,knee,2,MYOLEG_VP_003,MYOLEG_V2_P20850,MYOLEG_V2_P20800,0.0024290797035837475,-0.004858159407167495,True,
SUBJECT,J,knee,2,MYOLEG_VP_005,MYOLEG_V2_P20850,MYOLEG_V2_P20800,0.0024690876303073983,-0.004938175260614797,True,
SUBJECT,J,knee,2,MYOLEG_VP_006,MYOLEG_V2_P20850,MYOLEG_V2_P20800,0.0024564080310294223,-0.004912816062058845,True,
SUBJECT,J,knee,2,MYOLEG_VP_007,MYOLEG_V2_P20850,MYOLEG_V2_P20800,0.002479703633694208,-0.004959407267388416,True,
SUBJECT,J,knee,2,MYOLEG_VP_009,MYOLEG_V2_P20850,MYOLEG_V2_P20800,0.0024125860642061348,-0.0048251721284122695,True,
SUBJECT,J,knee,2,MYOLEG_VP_010,MYOLEG_V2_P20850,MYOLEG_V2_P20800,0.002513217775175214,-0.005026435550350428,True,
SUBJECT,J,knee,2,MYOLEG_VP_011,MYOLEG_V2_P20850,MYOLEG_V2_P20800,0.0024531563124016165,-0.004906312624803233,True,
SUBJECT,J,knee,2,MYOLEG_VP_013,MYOLEG_V2_P20850,MYOLEG_V2_P20800,0.0025134741327078602,-0.0050269482654157205,True,
SUBJECT,J,knee,2,MYOLEG_VP_014,MYOLEG_V2_P20850,MYOLEG_V2_P20800,0.002487066131262594,-0.004974132262525188,True,
SUBJECT,J,knee,2,MYOLEG_VP_015,MYOLEG_V2_P20850,MYOLEG_V2_P20800,0.0022934812206764077,-0.004586962441352815,True,
SUBJECT,J,knee,2,MYOLEG_VP_017,MYOLEG_V2_P20850,MYOLEG_V2_P20800,0.002394596160838036,-0.004789192321676072,True,
SUBJECT,J,knee,2,MYOLEG_VP_018,MYOLEG_V2_P20850,MYOLEG_V2_P20800,0.0023891640425741656,-0.004778328085148331,True,
SUBJECT,J,knee,2,MYOLEG_VP_019,MYOLEG_V2_P20850,MYOLEG_V2_P20800,0.0025050522524973085,-0.005010104504994617,True,
SUBJECT,J,knee,2,MYOLEG_VP_021,MYOLEG_V2_P20850,MYOLEG_V2_P20800,0.002535403534028813,-0.005070807068057626,True,
SUBJECT,J,knee,2,MYOLEG_VP_022,MYOLEG_V2_P20850,MYOLEG_V2_P20800,0.0024598239976360015,-0.004919647995272003,True,
SUBJECT,J,knee,2,MYOLEG_VP_023,MYOLEG_V2_P20850,MYOLEG_V2_P20800,0.00238870947263492,-0.00477741894526984,True,
SUBJECT,J,knee,2,MYOLEG_VP_025,MYOLEG_V2_P20850,MYOLEG_V2_P20800,0.0023088788227205725,-0.004617757645441145,True,
SUBJECT,J,knee,2,MYOLEG_VP_026,MYOLEG_V2_P20850,MYOLEG_V2_P20800,0.002224847363067717,-0.004449694726135434,True,
SUBJECT,J,knee,2,MYOLEG_VP_027,MYOLEG_V2_P20850,MYOLEG_V2_P20800,0.0025253027333362876,-0.005050605466672575,True,
SUBJECT,J,knee,2,MYOLEG_VP_029,MYOLEG_V2_P20850,MYOLEG_V2_P20800,0.0024494137057606835,-0.004898827411521367,True,
SUBJECT,J,knee,2,MYOLEG_VP_030,MYOLEG_V2_P20850,MYOLEG_V2_P20800,0.0022990286851267694,-0.004598057370253539,True,
SUBJECT,J,knee,2,MYOLEG_VP_031,MYOLEG_V2_P20850,MYOLEG_V2_P20800,0.002447715546541107,-0.004895431093082214,True,
SUMMARY,J,knee,2,ALL_DEVELOPMENT,MYOLEG_V2_P20850,MYOLEG_V2_P20800,0.00245128500908115,-0.0049025700181623,,1.0
SUBJECT,J,knee,3,MYOLEG_VP_001,MYOLEG_V2_P20850,MYOLEG_V2_P20775,0.0033423887697392463,-0.004456518359652328,True,
SUBJECT,J,knee,3,MYOLEG_VP_002,MYOLEG_V2_P20850,MYOLEG_V2_P20775,0.0038058803153334653,-0.005074507087111287,True,
SUBJECT,J,knee,3,MYOLEG_VP_003,MYOLEG_V2_P20850,MYOLEG_V2_P20775,0.003657901901693017,-0.00487720253559069,True,
SUBJECT,J,knee,3,MYOLEG_VP_005,MYOLEG_V2_P20850,MYOLEG_V2_P20775,0.003712500872029234,-0.004950001162705646,True,
SUBJECT,J,knee,3,MYOLEG_VP_006,MYOLEG_V2_P20850,MYOLEG_V2_P20775,0.003696295497359836,-0.004928393996479781,True,
SUBJECT,J,knee,3,MYOLEG_VP_007,MYOLEG_V2_P20850,MYOLEG_V2_P20775,0.003727576831775936,-0.0049701024423679145,True,
SUBJECT,J,knee,3,MYOLEG_VP_009,MYOLEG_V2_P20850,MYOLEG_V2_P20775,0.0036339361558301864,-0.004845248207773582,True,
SUBJECT,J,knee,3,MYOLEG_VP_010,MYOLEG_V2_P20850,MYOLEG_V2_P20775,0.003774521929022834,-0.005032695905363778,True,
SUBJECT,J,knee,3,MYOLEG_VP_011,MYOLEG_V2_P20850,MYOLEG_V2_P20775,0.003690085837489532,-0.004920114449986042,True,
SUBJECT,J,knee,3,MYOLEG_VP_013,MYOLEG_V2_P20850,MYOLEG_V2_P20775,0.0037756529291966823,-0.005034203905595576,True,
SUBJECT,J,knee,3,MYOLEG_VP_014,MYOLEG_V2_P20850,MYOLEG_V2_P20775,0.00373934160328937,-0.004985788804385827,True,
SUBJECT,J,knee,3,MYOLEG_VP_015,MYOLEG_V2_P20850,MYOLEG_V2_P20775,0.00346408589137015,-0.004618781188493533,True,
SUBJECT,J,knee,3,MYOLEG_VP_017,MYOLEG_V2_P20850,MYOLEG_V2_P20775,0.0036084965463041296,-0.004811328728405506,True,
SUBJECT,J,knee,3,MYOLEG_VP_018,MYOLEG_V2_P20850,MYOLEG_V2_P20775,0.003601221584149661,-0.004801628778866214,True,
SUBJECT,J,knee,3,MYOLEG_VP_019,MYOLEG_V2_P20850,MYOLEG_V2_P20775,0.003764815823822043,-0.005019754431762724,True,
SUBJECT,J,knee,3,MYOLEG_VP_021,MYOLEG_V2_P20850,MYOLEG_V2_P20775,0.003803887195781508,-0.005071849594375344,True,
SUBJECT,J,knee,3,MYOLEG_VP_022,MYOLEG_V2_P20850,MYOLEG_V2_P20775,0.00370239434851094,-0.0049365257980145865,True,
SUBJECT,J,knee,3,MYOLEG_VP_023,MYOLEG_V2_P20850,MYOLEG_V2_P20775,0.003599994884633806,-0.004799993179511741,True,
SUBJECT,J,knee,3,MYOLEG_VP_025,MYOLEG_V2_P20850,MYOLEG_V2_P20775,0.0034866064337496505,-0.004648808578332868,True,
SUBJECT,J,knee,3,MYOLEG_VP_026,MYOLEG_V2_P20850,MYOLEG_V2_P20775,0.0033660996747898464,-0.004488132899719795,True,
SUBJECT,J,knee,3,MYOLEG_VP_027,MYOLEG_V2_P20850,MYOLEG_V2_P20775,0.0037902778059064612,-0.005053703741208615,True,
SUBJECT,J,knee,3,MYOLEG_VP_029,MYOLEG_V2_P20850,MYOLEG_V2_P20775,0.0036860562507318173,-0.004914741667642423,True,
SUBJECT,J,knee,3,MYOLEG_VP_030,MYOLEG_V2_P20850,MYOLEG_V2_P20775,0.0034725148626467695,-0.004630019816862359,True,
SUBJECT,J,knee,3,MYOLEG_VP_031,MYOLEG_V2_P20850,MYOLEG_V2_P20775,0.003683961714027184,-0.004911948952036245,True,
SUMMARY,J,knee,3,ALL_DEVELOPMENT,MYOLEG_V2_P20850,MYOLEG_V2_P20775,0.0036880710441106745,-0.004917428058814233,,1.0
SUBJECT,J,phase,1,MYOLEG_VP_001,MYOLEG_V2_P20850,MYOLEG_V2_P20851,4.140329084878491e-05,-0.016561316339513965,True,
SUBJECT,J,phase,1,MYOLEG_VP_002,MYOLEG_V2_P20850,MYOLEG_V2_P20851,5.469325679774428e-05,-0.021877302719097713,True,
SUBJECT,J,phase,1,MYOLEG_VP_003,MYOLEG_V2_P20850,MYOLEG_V2_P20851,4.8122783603443686e-05,-0.019249113441377474,True,
SUBJECT,J,phase,1,MYOLEG_VP_005,MYOLEG_V2_P20850,MYOLEG_V2_P20851,5.5486784194203054e-05,-0.02219471367768122,True,
SUBJECT,J,phase,1,MYOLEG_VP_006,MYOLEG_V2_P20850,MYOLEG_V2_P20851,5.046212392245675e-05,-0.0201848495689827,True,
SUBJECT,J,phase,1,MYOLEG_VP_007,MYOLEG_V2_P20850,MYOLEG_V2_P20851,5.418775729670866e-05,-0.021675102918683464,True,
SUBJECT,J,phase,1,MYOLEG_VP_009,MYOLEG_V2_P20850,MYOLEG_V2_P20851,4.6533725677644355e-05,-0.018613490271057742,True,
SUBJECT,J,phase,1,MYOLEG_VP_010,MYOLEG_V2_P20850,MYOLEG_V2_P20851,5.3961655441026046e-05,-0.02158466217641042,True,
SUBJECT,J,phase,1,MYOLEG_VP_011,MYOLEG_V2_P20850,MYOLEG_V2_P20851,5.570968011725519e-05,-0.022283872046902076,True,
SUBJECT,J,phase,1,MYOLEG_VP_013,MYOLEG_V2_P20850,MYOLEG_V2_P20851,5.382170501366801e-05,-0.021528682005467203,True,
SUBJECT,J,phase,1,MYOLEG_VP_014,MYOLEG_V2_P20850,MYOLEG_V2_P20851,5.181123772080021e-05,-0.020724495088320083,True,
SUBJECT,J,phase,1,MYOLEG_VP_015,MYOLEG_V2_P20850,MYOLEG_V2_P20851,4.882287499829996e-05,-0.019529149999319984,True,
SUBJECT,J,phase,1,MYOLEG_VP_017,MYOLEG_V2_P20850,MYOLEG_V2_P20851,4.988826638285815e-05,-0.01995530655314326,True,
SUBJECT,J,phase,1,MYOLEG_VP_018,MYOLEG_V2_P20850,MYOLEG_V2_P20851,5.0946610434143835e-05,-0.020378644173657534,True,
SUBJECT,J,phase,1,MYOLEG_VP_019,MYOLEG_V2_P20850,MYOLEG_V2_P20851,5.1769978355542534e-05,-0.020707991342217014,True,
SUBJECT,J,phase,1,MYOLEG_VP_021,MYOLEG_V2_P20850,MYOLEG_V2_P20851,5.669775610894767e-05,-0.02267910244357907,True,
SUBJECT,J,phase,1,MYOLEG_VP_022,MYOLEG_V2_P20850,MYOLEG_V2_P20851,4.749654960867211e-05,-0.018998619843468845,True,
SUBJECT,J,phase,1,MYOLEG_VP_023,MYOLEG_V2_P20850,MYOLEG_V2_P20851,4.837433876925257e-05,-0.019349735507701027,True,
SUBJECT,J,phase,1,MYOLEG_VP_025,MYOLEG_V2_P20850,MYOLEG_V2_P20851,4.173107183835789e-05,-0.016692428735343157,True,
SUBJECT,J,phase,1,MYOLEG_VP_026,MYOLEG_V2_P20850,MYOLEG_V2_P20851,3.98747312878589e-05,-0.01594989251514356,True,
SUBJECT,J,phase,1,MYOLEG_VP_027,MYOLEG_V2_P20850,MYOLEG_V2_P20851,5.6992209414685746e-05,-0.0227968837658743,True,
SUBJECT,J,phase,1,MYOLEG_VP_029,MYOLEG_V2_P20850,MYOLEG_V2_P20851,5.2947387592761075e-05,-0.02117895503710443,True,
SUBJECT,J,phase,1,MYOLEG_VP_030,MYOLEG_V2_P20850,MYOLEG_V2_P20851,4.367441976349529e-05,-0.017469767905398115,True,
SUBJECT,J,phase,1,MYOLEG_VP_031,MYOLEG_V2_P20850,MYOLEG_V2_P20851,5.178122862159462e-05,-0.02071249144863785,True,
SUMMARY,J,phase,1,ALL_DEVELOPMENT,MYOLEG_V2_P20850,MYOLEG_V2_P20851,5.1358294394843185e-05,-0.020543317757937274,,1.0
SUBJECT,J,phase,2,MYOLEG_VP_001,MYOLEG_V2_P20850,MYOLEG_V2_P20852,8.222340550445573e-05,-0.016444681100891145,True,
SUBJECT,J,phase,2,MYOLEG_VP_002,MYOLEG_V2_P20850,MYOLEG_V2_P20852,0.00010777121239313736,-0.021554242478627472,True,
SUBJECT,J,phase,2,MYOLEG_VP_003,MYOLEG_V2_P20850,MYOLEG_V2_P20852,9.521697023329168e-05,-0.019043394046658335,True,
SUBJECT,J,phase,2,MYOLEG_VP_005,MYOLEG_V2_P20850,MYOLEG_V2_P20852,0.00010932872049729259,-0.021865744099458517,True,
SUBJECT,J,phase,2,MYOLEG_VP_006,MYOLEG_V2_P20850,MYOLEG_V2_P20852,9.973214279446196e-05,-0.019946428558892393,True,
SUBJECT,J,phase,2,MYOLEG_VP_007,MYOLEG_V2_P20850,MYOLEG_V2_P20852,0.00010677714983975406,-0.021355429967950812,True,
SUBJECT,J,phase,2,MYOLEG_VP_009,MYOLEG_V2_P20850,MYOLEG_V2_P20852,9.199156764017058e-05,-0.018398313528034116,True,
SUBJECT,J,phase,2,MYOLEG_VP_010,MYOLEG_V2_P20850,MYOLEG_V2_P20852,0.00010634744301685206,-0.021269488603370412,True,
SUBJECT,J,phase,2,MYOLEG_VP_011,MYOLEG_V2_P20850,MYOLEG_V2_P20852,0.00010978775920944539,-0.021957551841889078,True,
SUBJECT,J,phase,2,MYOLEG_VP_013,MYOLEG_V2_P20850,MYOLEG_V2_P20852,0.0001061014810473937,-0.02122029620947874,True,
SUBJECT,J,phase,2,MYOLEG_VP_014,MYOLEG_V2_P20850,MYOLEG_V2_P20852,0.00010224081032128574,-0.020448162064257147,True,
SUBJECT,J,phase,2,MYOLEG_VP_015,MYOLEG_V2_P20850,MYOLEG_V2_P20852,9.67433815254326e-05,-0.01934867630508652,True,
SUBJECT,J,phase,2,MYOLEG_VP_017,MYOLEG_V2_P20850,MYOLEG_V2_P20852,9.864051815045016e-05,-0.019728103630090033,True,
SUBJECT,J,phase,2,MYOLEG_VP_018,MYOLEG_V2_P20850,MYOLEG_V2_P20852,0.0001007665400958313,-0.02015330801916626,True,
SUBJECT,J,phase,2,MYOLEG_VP_019,MYOLEG_V2_P20850,MYOLEG_V2_P20852,0.00010221742870941686,-0.02044348574188337,True,
SUBJECT,J,phase,2,MYOLEG_VP_021,MYOLEG_V2_P20850,MYOLEG_V2_P20852,0.00011162875118042592,-0.022325750236085184,True,
SUBJECT,J,phase,2,MYOLEG_VP_022,MYOLEG_V2_P20850,MYOLEG_V2_P20852,9.403867376345243e-05,-0.018807734752690486,True,
SUBJECT,J,phase,2,MYOLEG_VP_023,MYOLEG_V2_P20850,MYOLEG_V2_P20852,9.559565589067898e-05,-0.019119131178135795,True,
SUBJECT,J,phase,2,MYOLEG_VP_025,MYOLEG_V2_P20850,MYOLEG_V2_P20852,8.284728967489219e-05,-0.016569457934978438,True,
SUBJECT,J,phase,2,MYOLEG_VP_026,MYOLEG_V2_P20850,MYOLEG_V2_P20852,7.931668132254988e-05,-0.015863336264509975,True,
SUBJECT,J,phase,2,MYOLEG_VP_027,MYOLEG_V2_P20850,MYOLEG_V2_P20852,0.0001122046454371528,-0.02244092908743056,True,
SUBJECT,J,phase,2,MYOLEG_VP_029,MYOLEG_V2_P20850,MYOLEG_V2_P20852,0.00010456334051267557,-0.020912668102535115,True,
SUBJECT,J,phase,2,MYOLEG_VP_030,MYOLEG_V2_P20850,MYOLEG_V2_P20852,8.661675341614661e-05,-0.01732335068322932,True,
SUBJECT,J,phase,2,MYOLEG_VP_031,MYOLEG_V2_P20850,MYOLEG_V2_P20852,0.00010224463681474116,-0.020448927362948233,True,
SUMMARY,J,phase,2,ALL_DEVELOPMENT,MYOLEG_V2_P20850,MYOLEG_V2_P20852,0.00010149198440262408,-0.020298396880524816,,1.0
SUBJECT,J,phase,3,MYOLEG_VP_001,MYOLEG_V2_P20850,MYOLEG_V2_P20853,0.00012442372415710778,-0.01658982988761437,True,
SUBJECT,J,phase,3,MYOLEG_VP_002,MYOLEG_V2_P20850,MYOLEG_V2_P20853,0.00016141210366371617,-0.021521613821828822,True,
SUBJECT,J,phase,3,MYOLEG_VP_003,MYOLEG_V2_P20850,MYOLEG_V2_P20853,0.0001433004084245848,-0.019106721123277975,True,
SUBJECT,J,phase,3,MYOLEG_VP_005,MYOLEG_V2_P20850,MYOLEG_V2_P20853,0.00016371664006054054,-0.021828885341405407,True,
SUBJECT,J,phase,3,MYOLEG_VP_006,MYOLEG_V2_P20850,MYOLEG_V2_P20853,0.00014985094206232397,-0.019980125608309862,True,
SUBJECT,J,phase,3,MYOLEG_VP_007,MYOLEG_V2_P20850,MYOLEG_V2_P20853,0.0001599547638656551,-0.021327301848754015,True,
SUBJECT,J,phase,3,MYOLEG_VP_009,MYOLEG_V2_P20850,MYOLEG_V2_P20853,0.0001384823390434553,-0.01846431187246071,True,
SUBJECT,J,phase,3,MYOLEG_VP_010,MYOLEG_V2_P20850,MYOLEG_V2_P20853,0.00015933564958880986,-0.021244753278507982,True,
SUBJECT,J,phase,3,MYOLEG_VP_011,MYOLEG_V2_P20850,MYOLEG_V2_P20853,0.00016440047124788304,-0.021920062833051073,True,
SUBJECT,J,phase,3,MYOLEG_VP_013,MYOLEG_V2_P20850,MYOLEG_V2_P20853,0.00015901277549557058,-0.02120170339940941,True,
SUBJECT,J,phase,3,MYOLEG_VP_014,MYOLEG_V2_P20850,MYOLEG_V2_P20853,0.00015342330171219665,-0.020456440228292887,True,
SUBJECT,J,phase,3,MYOLEG_VP_015,MYOLEG_V2_P20850,MYOLEG_V2_P20853,0.0001457017735140287,-0.019426903135203826,True,
SUBJECT,J,phase,3,MYOLEG_VP_017,MYOLEG_V2_P20850,MYOLEG_V2_P20853,0.00014829516483694238,-0.01977268864492565,True,
SUBJECT,J,phase,3,MYOLEG_VP_018,MYOLEG_V2_P20850,MYOLEG_V2_P20853,0.00015147970300888325,-0.020197293734517768,True,
SUBJECT,J,phase,3,MYOLEG_VP_019,MYOLEG_V2_P20850,MYOLEG_V2_P20853,0.0001534248225107948,-0.02045664300143931,True,
SUBJECT,J,phase,3,MYOLEG_VP_021,MYOLEG_V2_P20850,MYOLEG_V2_P20853,0.00016699223764804483,-0.022265631686405978,True,
SUBJECT,J,phase,3,MYOLEG_VP_022,MYOLEG_V2_P20850,MYOLEG_V2_P20853,0.00014162104380244234,-0.018882805840325645,True,
SUBJECT,J,phase,3,MYOLEG_VP_023,MYOLEG_V2_P20850,MYOLEG_V2_P20853,0.0001437901244168982,-0.01917201658891976,True,
SUBJECT,J,phase,3,MYOLEG_VP_025,MYOLEG_V2_P20850,MYOLEG_V2_P20853,0.00012532095331840853,-0.01670946044245447,True,
SUBJECT,J,phase,3,MYOLEG_VP_026,MYOLEG_V2_P20850,MYOLEG_V2_P20853,0.00012026248071439483,-0.016034997428585978,True,
SUBJECT,J,phase,3,MYOLEG_VP_027,MYOLEG_V2_P20850,MYOLEG_V2_P20853,0.00016784318068263637,-0.02237909075768485,True,
SUBJECT,J,phase,3,MYOLEG_VP_029,MYOLEG_V2_P20850,MYOLEG_V2_P20853,0.00015691831332109718,-0.020922441776146293,True,
SUBJECT,J,phase,3,MYOLEG_VP_030,MYOLEG_V2_P20850,MYOLEG_V2_P20853,0.0001308362347700598,-0.01744483130267464,True,
SUBJECT,J,phase,3,MYOLEG_VP_031,MYOLEG_V2_P20850,MYOLEG_V2_P20853,0.00015349499452588233,-0.020465999270117646,True,
SUMMARY,J,phase,3,ALL_DEVELOPMENT,MYOLEG_V2_P20850,MYOLEG_V2_P20853,0.00015245150236053995,-0.020326866981405328,,1.0
SUBJECT,HIP_NORMALIZED_RMS,hip,1,MYOLEG_VP_001,MYOLEG_V2_P20850,MYOLEG_V2_P20125,0.0008640442615057697,-0.003456177046023079,True,
SUBJECT,HIP_NORMALIZED_RMS,hip,1,MYOLEG_VP_002,MYOLEG_V2_P20850,MYOLEG_V2_P20125,0.0008731620454511813,-0.003492648181804725,True,
SUBJECT,HIP_NORMALIZED_RMS,hip,1,MYOLEG_VP_003,MYOLEG_V2_P20850,MYOLEG_V2_P20125,0.0008484693528634235,-0.003393877411453694,True,
SUBJECT,HIP_NORMALIZED_RMS,hip,1,MYOLEG_VP_005,MYOLEG_V2_P20850,MYOLEG_V2_P20125,0.000868047629133728,-0.003472190516534912,True,
SUBJECT,HIP_NORMALIZED_RMS,hip,1,MYOLEG_VP_006,MYOLEG_V2_P20850,MYOLEG_V2_P20125,0.000844586468278119,-0.003378345873112476,True,
SUBJECT,HIP_NORMALIZED_RMS,hip,1,MYOLEG_VP_007,MYOLEG_V2_P20850,MYOLEG_V2_P20125,0.0009151823471593712,-0.0036607293886374848,True,
SUBJECT,HIP_NORMALIZED_RMS,hip,1,MYOLEG_VP_009,MYOLEG_V2_P20850,MYOLEG_V2_P20125,0.0009101851055322019,-0.0036407404221288076,True,
SUBJECT,HIP_NORMALIZED_RMS,hip,1,MYOLEG_VP_010,MYOLEG_V2_P20850,MYOLEG_V2_P20125,0.0008557307659375901,-0.0034229230637503605,True,
SUBJECT,HIP_NORMALIZED_RMS,hip,1,MYOLEG_VP_011,MYOLEG_V2_P20850,MYOLEG_V2_P20125,0.0008857096971364165,-0.003542838788545666,True,
SUBJECT,HIP_NORMALIZED_RMS,hip,1,MYOLEG_VP_013,MYOLEG_V2_P20850,MYOLEG_V2_P20125,0.0009143029621084819,-0.0036572118484339278,True,
SUBJECT,HIP_NORMALIZED_RMS,hip,1,MYOLEG_VP_014,MYOLEG_V2_P20850,MYOLEG_V2_P20125,0.0009048930305263214,-0.0036195721221052857,True,
SUBJECT,HIP_NORMALIZED_RMS,hip,1,MYOLEG_VP_015,MYOLEG_V2_P20850,MYOLEG_V2_P20125,0.0008075909147363669,-0.0032303636589454676,True,
SUBJECT,HIP_NORMALIZED_RMS,hip,1,MYOLEG_VP_017,MYOLEG_V2_P20850,MYOLEG_V2_P20125,0.0008858045706450213,-0.003543218282580085,True,
SUBJECT,HIP_NORMALIZED_RMS,hip,1,MYOLEG_VP_018,MYOLEG_V2_P20850,MYOLEG_V2_P20125,0.0008792224103502111,-0.0035168896414008444,True,
SUBJECT,HIP_NORMALIZED_RMS,hip,1,MYOLEG_VP_019,MYOLEG_V2_P20850,MYOLEG_V2_P20125,0.0008749641652320284,-0.0034998566609281134,True,
SUBJECT,HIP_NORMALIZED_RMS,hip,1,MYOLEG_VP_021,MYOLEG_V2_P20850,MYOLEG_V2_P20125,0.0008768055119503515,-0.003507222047801406,True,
SUBJECT,HIP_NORMALIZED_RMS,hip,1,MYOLEG_VP_022,MYOLEG_V2_P20850,MYOLEG_V2_P20125,0.0008652492698699721,-0.0034609970794798883,True,
SUBJECT,HIP_NORMALIZED_RMS,hip,1,MYOLEG_VP_023,MYOLEG_V2_P20850,MYOLEG_V2_P20125,0.0008990668500662435,-0.003596267400264974,True,
SUBJECT,HIP_NORMALIZED_RMS,hip,1,MYOLEG_VP_025,MYOLEG_V2_P20850,MYOLEG_V2_P20125,0.0008731760844892245,-0.003492704337956898,True,
SUBJECT,HIP_NORMALIZED_RMS,hip,1,MYOLEG_VP_026,MYOLEG_V2_P20850,MYOLEG_V2_P20125,0.0008798451127951523,-0.0035193804511806093,True,
SUBJECT,HIP_NORMALIZED_RMS,hip,1,MYOLEG_VP_027,MYOLEG_V2_P20850,MYOLEG_V2_P20125,0.000868677179866606,-0.003474708719466424,True,
SUBJECT,HIP_NORMALIZED_RMS,hip,1,MYOLEG_VP_029,MYOLEG_V2_P20850,MYOLEG_V2_P20125,0.0008141474464988807,-0.003256589785995523,True,
SUBJECT,HIP_NORMALIZED_RMS,hip,1,MYOLEG_VP_030,MYOLEG_V2_P20850,MYOLEG_V2_P20125,0.0009198898101323572,-0.0036795592405294286,True,
SUBJECT,HIP_NORMALIZED_RMS,hip,1,MYOLEG_VP_031,MYOLEG_V2_P20850,MYOLEG_V2_P20125,0.0009095416707829429,-0.0036381666831317716,True,
SUMMARY,HIP_NORMALIZED_RMS,hip,1,ALL_DEVELOPMENT,MYOLEG_V2_P20850,MYOLEG_V2_P20125,0.0008758848385911899,-0.0035035393543647597,,1.0
SUBJECT,HIP_NORMALIZED_RMS,hip,2,MYOLEG_VP_001,MYOLEG_V2_P20850,MYOLEG_V2_P19400,0.0017424970787747185,-0.003484994157549437,True,
SUBJECT,HIP_NORMALIZED_RMS,hip,2,MYOLEG_VP_002,MYOLEG_V2_P20850,MYOLEG_V2_P19400,0.0017594331171129074,-0.003518866234225815,True,
SUBJECT,HIP_NORMALIZED_RMS,hip,2,MYOLEG_VP_003,MYOLEG_V2_P20850,MYOLEG_V2_P19400,0.001711323351355265,-0.00342264670271053,True,
SUBJECT,HIP_NORMALIZED_RMS,hip,2,MYOLEG_VP_005,MYOLEG_V2_P20850,MYOLEG_V2_P19400,0.0017494275714180496,-0.0034988551428360992,True,
SUBJECT,HIP_NORMALIZED_RMS,hip,2,MYOLEG_VP_006,MYOLEG_V2_P20850,MYOLEG_V2_P19400,0.0017034786369254373,-0.0034069572738508747,True,
SUBJECT,HIP_NORMALIZED_RMS,hip,2,MYOLEG_VP_007,MYOLEG_V2_P20850,MYOLEG_V2_P19400,0.0018437257552250674,-0.003687451510450135,True,
SUBJECT,HIP_NORMALIZED_RMS,hip,2,MYOLEG_VP_009,MYOLEG_V2_P20850,MYOLEG_V2_P19400,0.0018340023209213463,-0.0036680046418426926,True,
SUBJECT,HIP_NORMALIZED_RMS,hip,2,MYOLEG_VP_010,MYOLEG_V2_P20850,MYOLEG_V2_P19400,0.001724797769360742,-0.003449595538721484,True,
SUBJECT,HIP_NORMALIZED_RMS,hip,2,MYOLEG_VP_011,MYOLEG_V2_P20850,MYOLEG_V2_P19400,0.0017849681056653077,-0.0035699362113306154,True,
SUBJECT,HIP_NORMALIZED_RMS,hip,2,MYOLEG_VP_013,MYOLEG_V2_P20850,MYOLEG_V2_P19400,0.0018415878834759924,-0.003683175766951985,True,
SUBJECT,HIP_NORMALIZED_RMS,hip,2,MYOLEG_VP_014,MYOLEG_V2_P20850,MYOLEG_V2_P19400,0.0018228875051954363,-0.0036457750103908726,True,
SUBJECT,HIP_NORMALIZED_RMS,hip,2,MYOLEG_VP_015,MYOLEG_V2_P20850,MYOLEG_V2_P19400,0.0016297843939802048,-0.0032595687879604096,True,
SUBJECT,HIP_NORMALIZED_RMS,hip,2,MYOLEG_VP_017,MYOLEG_V2_P20850,MYOLEG_V2_P19400,0.0017856794665624953,-0.0035713589331249906,True,
SUBJECT,HIP_NORMALIZED_RMS,hip,2,MYOLEG_VP_018,MYOLEG_V2_P20850,MYOLEG_V2_P19400,0.0017721603823421805,-0.003544320764684361,True,
SUBJECT,HIP_NORMALIZED_RMS,hip,2,MYOLEG_VP_019,MYOLEG_V2_P20850,MYOLEG_V2_P19400,0.0017636152240385616,-0.0035272304480771233,True,
SUBJECT,HIP_NORMALIZED_RMS,hip,2,MYOLEG_VP_021,MYOLEG_V2_P20850,MYOLEG_V2_P19400,0.0017669142493194068,-0.0035338284986388135,True,
SUBJECT,HIP_NORMALIZED_RMS,hip,2,MYOLEG_VP_022,MYOLEG_V2_P20850,MYOLEG_V2_P19400,0.0017445380977370029,-0.0034890761954740057,True,
SUBJECT,HIP_NORMALIZED_RMS,hip,2,MYOLEG_VP_023,MYOLEG_V2_P20850,MYOLEG_V2_P19400,0.0018111178643421821,-0.0036222357286843643,True,
SUBJECT,HIP_NORMALIZED_RMS,hip,2,MYOLEG_VP_025,MYOLEG_V2_P20850,MYOLEG_V2_P19400,0.0017606494244795101,-0.0035212988489590202,True,
SUBJECT,HIP_NORMALIZED_RMS,hip,2,MYOLEG_VP_026,MYOLEG_V2_P20850,MYOLEG_V2_P19400,0.0017736778544890086,-0.0035473557089780172,True,
SUBJECT,HIP_NORMALIZED_RMS,hip,2,MYOLEG_VP_027,MYOLEG_V2_P20850,MYOLEG_V2_P19400,0.0017505514899510688,-0.0035011029799021376,True,
SUBJECT,HIP_NORMALIZED_RMS,hip,2,MYOLEG_VP_029,MYOLEG_V2_P20850,MYOLEG_V2_P19400,0.0016422435580037975,-0.003284487116007595,True,
SUBJECT,HIP_NORMALIZED_RMS,hip,2,MYOLEG_VP_030,MYOLEG_V2_P20850,MYOLEG_V2_P19400,0.0018532506584549857,-0.0037065013169099714,True,
SUBJECT,HIP_NORMALIZED_RMS,hip,2,MYOLEG_VP_031,MYOLEG_V2_P20850,MYOLEG_V2_P19400,0.0018323558256202466,-0.003664711651240493,True,
SUMMARY,HIP_NORMALIZED_RMS,hip,2,ALL_DEVELOPMENT,MYOLEG_V2_P20850,MYOLEG_V2_P19400,0.0017652647366789842,-0.0035305294733579684,,1.0
SUBJECT,HIP_NORMALIZED_RMS,hip,3,MYOLEG_VP_001,MYOLEG_V2_P20850,MYOLEG_V2_P18675,0.0026352296218794535,-0.0035136394958392714,True,
SUBJECT,HIP_NORMALIZED_RMS,hip,3,MYOLEG_VP_002,MYOLEG_V2_P20850,MYOLEG_V2_P18675,0.0026586918860516118,-0.0035449225147354824,True,
SUBJECT,HIP_NORMALIZED_RMS,hip,3,MYOLEG_VP_003,MYOLEG_V2_P20850,MYOLEG_V2_P18675,0.0025884372762637886,-0.0034512497016850516,True,
SUBJECT,HIP_NORMALIZED_RMS,hip,3,MYOLEG_VP_005,MYOLEG_V2_P20850,MYOLEG_V2_P18675,0.002644018831799655,-0.00352535844239954,True,
SUBJECT,HIP_NORMALIZED_RMS,hip,3,MYOLEG_VP_006,MYOLEG_V2_P20850,MYOLEG_V2_P18675,0.0025765534319713845,-0.003435404575961846,True,
SUBJECT,HIP_NORMALIZED_RMS,hip,3,MYOLEG_VP_007,MYOLEG_V2_P20850,MYOLEG_V2_P18675,0.002785500453034162,-0.0037140006040455495,True,
SUBJECT,HIP_NORMALIZED_RMS,hip,3,MYOLEG_VP_009,MYOLEG_V2_P20850,MYOLEG_V2_P18675,0.0027713195065817153,-0.0036950926754422873,True,
SUBJECT,HIP_NORMALIZED_RMS,hip,3,MYOLEG_VP_010,MYOLEG_V2_P20850,MYOLEG_V2_P18675,0.0026070816299235133,-0.0034761088398980178,True,
SUBJECT,HIP_NORMALIZED_RMS,hip,3,MYOLEG_VP_011,MYOLEG_V2_P20850,MYOLEG_V2_P18675,0.0026976501544868636,-0.0035968668726491515,True,
SUBJECT,HIP_NORMALIZED_RMS,hip,3,MYOLEG_VP_013,MYOLEG_V2_P20850,MYOLEG_V2_P18675,0.002781726608275803,-0.003708968811034404,True,
SUBJECT,HIP_NORMALIZED_RMS,hip,3,MYOLEG_VP_014,MYOLEG_V2_P20850,MYOLEG_V2_P18675,0.0027538558909546706,-0.0036718078546062274,True,
SUBJECT,HIP_NORMALIZED_RMS,hip,3,MYOLEG_VP_015,MYOLEG_V2_P20850,MYOLEG_V2_P18675,0.002466462075753628,-0.0032886161010048376,True,
SUBJECT,HIP_NORMALIZED_RMS,hip,3,MYOLEG_VP_017,MYOLEG_V2_P20850,MYOLEG_V2_P18675,0.0026994953897971907,-0.003599327186396254,True,
SUBJECT,HIP_NORMALIZED_RMS,hip,3,MYOLEG_VP_018,MYOLEG_V2_P20850,MYOLEG_V2_P18675,0.0026786875641003904,-0.0035715834188005204,True,
SUBJECT,HIP_NORMALIZED_RMS,hip,3,MYOLEG_VP_019,MYOLEG_V2_P20850,MYOLEG_V2_P18675,0.002665827921890407,-0.0035544372291872093,True,
SUBJECT,HIP_NORMALIZED_RMS,hip,3,MYOLEG_VP_021,MYOLEG_V2_P20850,MYOLEG_V2_P18675,0.002670203921650738,-0.003560271895534317,True,
SUBJECT,HIP_NORMALIZED_RMS,hip,3,MYOLEG_VP_022,MYOLEG_V2_P20850,MYOLEG_V2_P18675,0.0026377400575826604,-0.0035169867434435473,True,
SUBJECT,HIP_NORMALIZED_RMS,hip,3,MYOLEG_VP_023,MYOLEG_V2_P20850,MYOLEG_V2_P18675,0.0027360264566700376,-0.00364803527556005,True,
SUBJECT,HIP_NORMALIZED_RMS,hip,3,MYOLEG_VP_025,MYOLEG_V2_P20850,MYOLEG_V2_P18675,0.0026622899323948124,-0.00354971990985975,True,
SUBJECT,HIP_NORMALIZED_RMS,hip,3,MYOLEG_VP_026,MYOLEG_V2_P20850,MYOLEG_V2_P18675,0.002681367942485857,-0.0035751572566478096,True,
SUBJECT,HIP_NORMALIZED_RMS,hip,3,MYOLEG_VP_027,MYOLEG_V2_P20850,MYOLEG_V2_P18675,0.0026455027280201104,-0.0035273369706934807,True,
SUBJECT,HIP_NORMALIZED_RMS,hip,3,MYOLEG_VP_029,MYOLEG_V2_P20850,MYOLEG_V2_P18675,0.0024841729034441595,-0.003312230537925546,True,
SUBJECT,HIP_NORMALIZED_RMS,hip,3,MYOLEG_VP_030,MYOLEG_V2_P20850,MYOLEG_V2_P18675,0.0027999485612901776,-0.0037332647483869033,True,
SUBJECT,HIP_NORMALIZED_RMS,hip,3,MYOLEG_VP_031,MYOLEG_V2_P20850,MYOLEG_V2_P18675,0.0027683132492620777,-0.003691084332349437,True,
SUMMARY,HIP_NORMALIZED_RMS,hip,3,ALL_DEVELOPMENT,MYOLEG_V2_P20850,MYOLEG_V2_P18675,0.0026680159217705723,-0.0035573545623607634,,1.0
SUBJECT,HIP_NORMALIZED_RMS,knee,1,MYOLEG_VP_001,MYOLEG_V2_P20850,MYOLEG_V2_P20825,7.172445011482953e-05,-0.0002868978004593181,True,
SUBJECT,HIP_NORMALIZED_RMS,knee,1,MYOLEG_VP_002,MYOLEG_V2_P20850,MYOLEG_V2_P20825,7.5025546780072e-05,-0.000300102187120288,True,
SUBJECT,HIP_NORMALIZED_RMS,knee,1,MYOLEG_VP_003,MYOLEG_V2_P20850,MYOLEG_V2_P20825,7.052212480784803e-05,-0.0002820884992313921,True,
SUBJECT,HIP_NORMALIZED_RMS,knee,1,MYOLEG_VP_005,MYOLEG_V2_P20850,MYOLEG_V2_P20825,7.169792393058039e-05,-0.00028679169572232155,True,
SUBJECT,HIP_NORMALIZED_RMS,knee,1,MYOLEG_VP_006,MYOLEG_V2_P20850,MYOLEG_V2_P20825,6.996140601378542e-05,-0.0002798456240551417,True,
SUBJECT,HIP_NORMALIZED_RMS,knee,1,MYOLEG_VP_007,MYOLEG_V2_P20850,MYOLEG_V2_P20825,7.320887590456238e-05,-0.0002928355036182495,True,
SUBJECT,HIP_NORMALIZED_RMS,knee,1,MYOLEG_VP_009,MYOLEG_V2_P20850,MYOLEG_V2_P20825,7.479582716307664e-05,-0.0002991833086523066,True,
SUBJECT,HIP_NORMALIZED_RMS,knee,1,MYOLEG_VP_010,MYOLEG_V2_P20850,MYOLEG_V2_P20825,7.279755924305409e-05,-0.00029119023697221635,True,
SUBJECT,HIP_NORMALIZED_RMS,knee,1,MYOLEG_VP_011,MYOLEG_V2_P20850,MYOLEG_V2_P20825,7.100756635158856e-05,-0.00028403026540635423,True,
SUBJECT,HIP_NORMALIZED_RMS,knee,1,MYOLEG_VP_013,MYOLEG_V2_P20850,MYOLEG_V2_P20825,7.676532972877848e-05,-0.0003070613189151139,True,
SUBJECT,HIP_NORMALIZED_RMS,knee,1,MYOLEG_VP_014,MYOLEG_V2_P20850,MYOLEG_V2_P20825,7.668873108679364e-05,-0.00030675492434717455,True,
SUBJECT,HIP_NORMALIZED_RMS,knee,1,MYOLEG_VP_015,MYOLEG_V2_P20850,MYOLEG_V2_P20825,6.824992940701602e-05,-0.0002729997176280641,True,
SUBJECT,HIP_NORMALIZED_RMS,knee,1,MYOLEG_VP_017,MYOLEG_V2_P20850,MYOLEG_V2_P20825,7.194635748375422e-05,-0.0002877854299350169,True,
SUBJECT,HIP_NORMALIZED_RMS,knee,1,MYOLEG_VP_018,MYOLEG_V2_P20850,MYOLEG_V2_P20825,7.410779187067007e-05,-0.0002964311674826803,True,
SUBJECT,HIP_NORMALIZED_RMS,knee,1,MYOLEG_VP_019,MYOLEG_V2_P20850,MYOLEG_V2_P20825,7.385869527087863e-05,-0.0002954347810835145,True,
SUBJECT,HIP_NORMALIZED_RMS,knee,1,MYOLEG_VP_021,MYOLEG_V2_P20850,MYOLEG_V2_P20825,7.287315764836766e-05,-0.00029149263059347064,True,
SUBJECT,HIP_NORMALIZED_RMS,knee,1,MYOLEG_VP_022,MYOLEG_V2_P20850,MYOLEG_V2_P20825,7.411720804173516e-05,-0.00029646883216694064,True,
SUBJECT,HIP_NORMALIZED_RMS,knee,1,MYOLEG_VP_023,MYOLEG_V2_P20850,MYOLEG_V2_P20825,7.732287240669322e-05,-0.0003092914896267729,True,
SUBJECT,HIP_NORMALIZED_RMS,knee,1,MYOLEG_VP_025,MYOLEG_V2_P20850,MYOLEG_V2_P20825,7.333365281214643e-05,-0.00029333461124858573,True,
SUBJECT,HIP_NORMALIZED_RMS,knee,1,MYOLEG_VP_026,MYOLEG_V2_P20850,MYOLEG_V2_P20825,7.612440795312647e-05,-0.0003044976318125059,True,
SUBJECT,HIP_NORMALIZED_RMS,knee,1,MYOLEG_VP_027,MYOLEG_V2_P20850,MYOLEG_V2_P20825,7.269536152521017e-05,-0.00029078144610084067,True,
SUBJECT,HIP_NORMALIZED_RMS,knee,1,MYOLEG_VP_029,MYOLEG_V2_P20850,MYOLEG_V2_P20825,6.973366437090789e-05,-0.00027893465748363155,True,
SUBJECT,HIP_NORMALIZED_RMS,knee,1,MYOLEG_VP_030,MYOLEG_V2_P20850,MYOLEG_V2_P20825,7.822077045949172e-05,-0.00031288308183796687,True,
SUBJECT,HIP_NORMALIZED_RMS,knee,1,MYOLEG_VP_031,MYOLEG_V2_P20850,MYOLEG_V2_P20825,7.595412202365814e-05,-0.0003038164880946326,True,
SUMMARY,HIP_NORMALIZED_RMS,knee,1,ALL_DEVELOPMENT,MYOLEG_V2_P20850,MYOLEG_V2_P20825,7.32712643583544e-05,-0.0002930850574334176,,1.0
SUBJECT,HIP_NORMALIZED_RMS,knee,2,MYOLEG_VP_001,MYOLEG_V2_P20850,MYOLEG_V2_P20800,0.00014305838533956727,-0.00028611677067913455,True,
SUBJECT,HIP_NORMALIZED_RMS,knee,2,MYOLEG_VP_002,MYOLEG_V2_P20850,MYOLEG_V2_P20800,0.00014952890895625348,-0.00029905781791250696,True,
SUBJECT,HIP_NORMALIZED_RMS,knee,2,MYOLEG_VP_003,MYOLEG_V2_P20850,MYOLEG_V2_P20800,0.00014063278714548932,-0.00028126557429097865,True,
SUBJECT,HIP_NORMALIZED_RMS,knee,2,MYOLEG_VP_005,MYOLEG_V2_P20850,MYOLEG_V2_P20800,0.0001428790430909599,-0.0002857580861819198,True,
SUBJECT,HIP_NORMALIZED_RMS,knee,2,MYOLEG_VP_006,MYOLEG_V2_P20850,MYOLEG_V2_P20800,0.00013949769209331553,-0.00027899538418663106,True,
SUBJECT,HIP_NORMALIZED_RMS,knee,2,MYOLEG_VP_007,MYOLEG_V2_P20850,MYOLEG_V2_P20800,0.000145877731090982,-0.000291755462181964,True,
SUBJECT,HIP_NORMALIZED_RMS,knee,2,MYOLEG_VP_009,MYOLEG_V2_P20850,MYOLEG_V2_P20800,0.00014911486448387912,-0.00029822972896775823,True,
SUBJECT,HIP_NORMALIZED_RMS,knee,2,MYOLEG_VP_010,MYOLEG_V2_P20850,MYOLEG_V2_P20800,0.00014509793890127298,-0.00029019587780254597,True,
SUBJECT,HIP_NORMALIZED_RMS,knee,2,MYOLEG_VP_011,MYOLEG_V2_P20850,MYOLEG_V2_P20800,0.00014149457440182367,-0.00028298914880364734,True,
SUBJECT,HIP_NORMALIZED_RMS,knee,2,MYOLEG_VP_013,MYOLEG_V2_P20850,MYOLEG_V2_P20800,0.0001529792950993869,-0.0003059585901987738,True,
SUBJECT,HIP_NORMALIZED_RMS,knee,2,MYOLEG_VP_014,MYOLEG_V2_P20850,MYOLEG_V2_P20800,0.00015284972082907355,-0.0003056994416581471,True,
SUBJECT,HIP_NORMALIZED_RMS,knee,2,MYOLEG_VP_015,MYOLEG_V2_P20850,MYOLEG_V2_P20800,0.00013611842674365882,-0.00027223685348731763,True,
SUBJECT,HIP_NORMALIZED_RMS,knee,2,MYOLEG_VP_017,MYOLEG_V2_P20850,MYOLEG_V2_P20800,0.00014343335258737433,-0.00028686670517474866,True,
SUBJECT,HIP_NORMALIZED_RMS,knee,2,MYOLEG_VP_018,MYOLEG_V2_P20850,MYOLEG_V2_P20800,0.00014774171790998825,-0.0002954834358199765,True,
SUBJECT,HIP_NORMALIZED_RMS,knee,2,MYOLEG_VP_019,MYOLEG_V2_P20850,MYOLEG_V2_P20800,0.00014724004743615904,-0.0002944800948723181,True,
SUBJECT,HIP_NORMALIZED_RMS,knee,2,MYOLEG_VP_021,MYOLEG_V2_P20850,MYOLEG_V2_P20800,0.00014521728149929913,-0.00029043456299859827,True,
SUBJECT,HIP_NORMALIZED_RMS,knee,2,MYOLEG_VP_022,MYOLEG_V2_P20850,MYOLEG_V2_P20800,0.0001478053745386232,-0.0002956107490772464,True,
SUBJECT,HIP_NORMALIZED_RMS,knee,2,MYOLEG_VP_023,MYOLEG_V2_P20850,MYOLEG_V2_P20800,0.0001541342351084607,-0.0003082684702169214,True,
SUBJECT,HIP_NORMALIZED_RMS,knee,2,MYOLEG_VP_025,MYOLEG_V2_P20850,MYOLEG_V2_P20800,0.00014626986753152327,-0.00029253973506304654,True,
SUBJECT,HIP_NORMALIZED_RMS,knee,2,MYOLEG_VP_026,MYOLEG_V2_P20850,MYOLEG_V2_P20800,0.000151846091583141,-0.000303692183166282,True,
SUBJECT,HIP_NORMALIZED_RMS,knee,2,MYOLEG_VP_027,MYOLEG_V2_P20850,MYOLEG_V2_P20800,0.0001448592276881433,-0.0002897184553762866,True,
SUBJECT,HIP_NORMALIZED_RMS,knee,2,MYOLEG_VP_029,MYOLEG_V2_P20850,MYOLEG_V2_P20800,0.00013903470713216848,-0.00027806941426433696,True,
SUBJECT,HIP_NORMALIZED_RMS,knee,2,MYOLEG_VP_030,MYOLEG_V2_P20850,MYOLEG_V2_P20800,0.0001559716186281257,-0.0003119432372562514,True,
SUBJECT,HIP_NORMALIZED_RMS,knee,2,MYOLEG_VP_031,MYOLEG_V2_P20850,MYOLEG_V2_P20800,0.0001513866191288349,-0.0003027732382576698,True,
SUMMARY,HIP_NORMALIZED_RMS,knee,2,ALL_DEVELOPMENT,MYOLEG_V2_P20850,MYOLEG_V2_P20800,0.00014607379931125264,-0.0002921475986225053,,1.0
SUBJECT,HIP_NORMALIZED_RMS,knee,3,MYOLEG_VP_001,MYOLEG_V2_P20850,MYOLEG_V2_P20775,0.0002140044744157743,-0.0002853392992210324,True,
SUBJECT,HIP_NORMALIZED_RMS,knee,3,MYOLEG_VP_002,MYOLEG_V2_P20850,MYOLEG_V2_P20775,0.00022351204799342383,-0.00029801606399123176,True,
SUBJECT,HIP_NORMALIZED_RMS,knee,3,MYOLEG_VP_003,MYOLEG_V2_P20850,MYOLEG_V2_P20775,0.00021033413675763946,-0.0002804455156768526,True,
SUBJECT,HIP_NORMALIZED_RMS,knee,3,MYOLEG_VP_005,MYOLEG_V2_P20850,MYOLEG_V2_P20775,0.00021354530971684493,-0.0002847270796224599,True,
SUBJECT,HIP_NORMALIZED_RMS,knee,3,MYOLEG_VP_006,MYOLEG_V2_P20850,MYOLEG_V2_P20775,0.00020861084456136325,-0.00027814779274848433,True,
SUBJECT,HIP_NORMALIZED_RMS,knee,3,MYOLEG_VP_007,MYOLEG_V2_P20850,MYOLEG_V2_P20775,0.00021800875364275107,-0.0002906783381903348,True,
SUBJECT,HIP_NORMALIZED_RMS,knee,3,MYOLEG_VP_009,MYOLEG_V2_P20850,MYOLEG_V2_P20775,0.00022295979389652665,-0.0002972797251953689,True,
SUBJECT,HIP_NORMALIZED_RMS,knee,3,MYOLEG_VP_010,MYOLEG_V2_P20850,MYOLEG_V2_P20775,0.00021690310210398245,-0.00028920413613864326,True,
SUBJECT,HIP_NORMALIZED_RMS,knee,3,MYOLEG_VP_011,MYOLEG_V2_P20850,MYOLEG_V2_P20775,0.00021146297535801217,-0.0002819506338106829,True,
SUBJECT,HIP_NORMALIZED_RMS,knee,3,MYOLEG_VP_013,MYOLEG_V2_P20850,MYOLEG_V2_P20775,0.0002286441162057118,-0.00030485882160761574,True,
SUBJECT,HIP_NORMALIZED_RMS,knee,3,MYOLEG_VP_014,MYOLEG_V2_P20850,MYOLEG_V2_P20775,0.00022848527031316124,-0.000304647027084215,True,
SUBJECT,HIP_NORMALIZED_RMS,knee,3,MYOLEG_VP_015,MYOLEG_V2_P20850,MYOLEG_V2_P20775,0.00020360739150671048,-0.0002714765220089473,True,
SUBJECT,HIP_NORMALIZED_RMS,knee,3,MYOLEG_VP_017,MYOLEG_V2_P20850,MYOLEG_V2_P20775,0.00021446319960338744,-0.0002859509328045166,True,
SUBJECT,HIP_NORMALIZED_RMS,knee,3,MYOLEG_VP_018,MYOLEG_V2_P20850,MYOLEG_V2_P20775,0.00022090391542883836,-0.0002945385539051178,True,
SUBJECT,HIP_NORMALIZED_RMS,knee,3,MYOLEG_VP_019,MYOLEG_V2_P20850,MYOLEG_V2_P20775,0.0002201461204541788,-0.00029352816060557174,True,
SUBJECT,HIP_NORMALIZED_RMS,knee,3,MYOLEG_VP_021,MYOLEG_V2_P20850,MYOLEG_V2_P20775,0.00021703418963947563,-0.00028937891951930084,True,
SUBJECT,HIP_NORMALIZED_RMS,knee,3,MYOLEG_VP_022,MYOLEG_V2_P20850,MYOLEG_V2_P20775,0.00022106674821509298,-0.0002947556642867906,True,
SUBJECT,HIP_NORMALIZED_RMS,knee,3,MYOLEG_VP_023,MYOLEG_V2_P20850,MYOLEG_V2_P20775,0.00023043670706490715,-0.0003072489427532095,True,
SUBJECT,HIP_NORMALIZED_RMS,knee,3,MYOLEG_VP_025,MYOLEG_V2_P20850,MYOLEG_V2_P20775,0.00021881133591195034,-0.00029174844788260046,True,
SUBJECT,HIP_NORMALIZED_RMS,knee,3,MYOLEG_VP_026,MYOLEG_V2_P20850,MYOLEG_V2_P20775,0.00022716792855759227,-0.00030289057141012304,True,
SUBJECT,HIP_NORMALIZED_RMS,knee,3,MYOLEG_VP_027,MYOLEG_V2_P20850,MYOLEG_V2_P20775,0.00021649339816831592,-0.00028865786422442125,True,
SUBJECT,HIP_NORMALIZED_RMS,knee,3,MYOLEG_VP_029,MYOLEG_V2_P20850,MYOLEG_V2_P20775,0.00020790490372746273,-0.0002772065383032836,True,
SUBJECT,HIP_NORMALIZED_RMS,knee,3,MYOLEG_VP_030,MYOLEG_V2_P20850,MYOLEG_V2_P20775,0.00023325542937768784,-0.00031100723917025047,True,
SUBJECT,HIP_NORMALIZED_RMS,knee,3,MYOLEG_VP_031,MYOLEG_V2_P20850,MYOLEG_V2_P20775,0.0002262997866999683,-0.00030173304893329106,True,
SUMMARY,HIP_NORMALIZED_RMS,knee,3,ALL_DEVELOPMENT,MYOLEG_V2_P20850,MYOLEG_V2_P20775,0.0002184100447773507,-0.00029121339303646765,,1.0
SUBJECT,HIP_NORMALIZED_RMS,phase,1,MYOLEG_VP_001,MYOLEG_V2_P20850,MYOLEG_V2_P20851,2.1440857497556642e-05,-0.008576342999022657,True,
SUBJECT,HIP_NORMALIZED_RMS,phase,1,MYOLEG_VP_002,MYOLEG_V2_P20850,MYOLEG_V2_P20851,2.900739705269384e-05,-0.011602958821077536,True,
SUBJECT,HIP_NORMALIZED_RMS,phase,1,MYOLEG_VP_003,MYOLEG_V2_P20850,MYOLEG_V2_P20851,2.4668044418807433e-05,-0.009867217767522973,True,
SUBJECT,HIP_NORMALIZED_RMS,phase,1,MYOLEG_VP_005,MYOLEG_V2_P20850,MYOLEG_V2_P20851,2.8554319461471245e-05,-0.011421727784588498,True,
SUBJECT,HIP_NORMALIZED_RMS,phase,1,MYOLEG_VP_006,MYOLEG_V2_P20850,MYOLEG_V2_P20851,2.5876011424452727e-05,-0.010350404569781091,True,
SUBJECT,HIP_NORMALIZED_RMS,phase,1,MYOLEG_VP_007,MYOLEG_V2_P20850,MYOLEG_V2_P20851,2.7511071273522703e-05,-0.011004428509409081,True,
SUBJECT,HIP_NORMALIZED_RMS,phase,1,MYOLEG_VP_009,MYOLEG_V2_P20850,MYOLEG_V2_P20851,2.368841337951899e-05,-0.009475365351807596,True,
SUBJECT,HIP_NORMALIZED_RMS,phase,1,MYOLEG_VP_010,MYOLEG_V2_P20850,MYOLEG_V2_P20851,2.830532685882403e-05,-0.011322130743529613,True,
SUBJECT,HIP_NORMALIZED_RMS,phase,1,MYOLEG_VP_011,MYOLEG_V2_P20850,MYOLEG_V2_P20851,2.82946485511415e-05,-0.0113178594204566,True,
SUBJECT,HIP_NORMALIZED_RMS,phase,1,MYOLEG_VP_013,MYOLEG_V2_P20850,MYOLEG_V2_P20851,2.811388023393757e-05,-0.011245552093575029,True,
SUBJECT,HIP_NORMALIZED_RMS,phase,1,MYOLEG_VP_014,MYOLEG_V2_P20850,MYOLEG_V2_P20851,2.7256843578515877e-05,-0.01090273743140635,True,
SUBJECT,HIP_NORMALIZED_RMS,phase,1,MYOLEG_VP_015,MYOLEG_V2_P20850,MYOLEG_V2_P20851,2.532190056570016e-05,-0.010128760226280065,True,
SUBJECT,HIP_NORMALIZED_RMS,phase,1,MYOLEG_VP_017,MYOLEG_V2_P20850,MYOLEG_V2_P20851,2.5390038290717953e-05,-0.010156015316287181,True,
SUBJECT,HIP_NORMALIZED_RMS,phase,1,MYOLEG_VP_018,MYOLEG_V2_P20850,MYOLEG_V2_P20851,2.6585775859677696e-05,-0.010634310343871078,True,
SUBJECT,HIP_NORMALIZED_RMS,phase,1,MYOLEG_VP_019,MYOLEG_V2_P20850,MYOLEG_V2_P20851,2.708797763895099e-05,-0.010835191055580395,True,
SUBJECT,HIP_NORMALIZED_RMS,phase,1,MYOLEG_VP_021,MYOLEG_V2_P20850,MYOLEG_V2_P20851,2.9555970925243535e-05,-0.011822388370097414,True,
SUBJECT,HIP_NORMALIZED_RMS,phase,1,MYOLEG_VP_022,MYOLEG_V2_P20850,MYOLEG_V2_P20851,2.499367512176498e-05,-0.009997470048705992,True,
SUBJECT,HIP_NORMALIZED_RMS,phase,1,MYOLEG_VP_023,MYOLEG_V2_P20850,MYOLEG_V2_P20851,2.5485507886835457e-05,-0.010194203154734183,True,
SUBJECT,HIP_NORMALIZED_RMS,phase,1,MYOLEG_VP_025,MYOLEG_V2_P20850,MYOLEG_V2_P20851,2.1656324599383936e-05,-0.008662529839753574,True,
SUBJECT,HIP_NORMALIZED_RMS,phase,1,MYOLEG_VP_026,MYOLEG_V2_P20850,MYOLEG_V2_P20851,2.1268722215528335e-05,-0.008507488886211334,True,
SUBJECT,HIP_NORMALIZED_RMS,phase,1,MYOLEG_VP_027,MYOLEG_V2_P20850,MYOLEG_V2_P20851,2.9837100499086056e-05,-0.011934840199634422,True,
SUBJECT,HIP_NORMALIZED_RMS,phase,1,MYOLEG_VP_029,MYOLEG_V2_P20850,MYOLEG_V2_P20851,2.7630521519550477e-05,-0.011052208607820191,True,
SUBJECT,HIP_NORMALIZED_RMS,phase,1,MYOLEG_VP_030,MYOLEG_V2_P20850,MYOLEG_V2_P20851,2.288767648339629e-05,-0.009155070593358516,True,
SUBJECT,HIP_NORMALIZED_RMS,phase,1,MYOLEG_VP_031,MYOLEG_V2_P20850,MYOLEG_V2_P20851,2.693714372714595e-05,-0.01077485749085838,True,
SUMMARY,HIP_NORMALIZED_RMS,phase,1,ALL_DEVELOPMENT,MYOLEG_V2_P20850,MYOLEG_V2_P20851,2.6761459793411824e-05,-0.01070458391736473,,1.0
SUBJECT,HIP_NORMALIZED_RMS,phase,2,MYOLEG_VP_001,MYOLEG_V2_P20850,MYOLEG_V2_P20852,4.1679134080485625e-05,-0.008335826816097125,True,
SUBJECT,HIP_NORMALIZED_RMS,phase,2,MYOLEG_VP_002,MYOLEG_V2_P20850,MYOLEG_V2_P20852,5.6412534084282484e-05,-0.011282506816856497,True,
SUBJECT,HIP_NORMALIZED_RMS,phase,2,MYOLEG_VP_003,MYOLEG_V2_P20850,MYOLEG_V2_P20852,4.8011885385390585e-05,-0.009602377077078117,True,
SUBJECT,HIP_NORMALIZED_RMS,phase,2,MYOLEG_VP_005,MYOLEG_V2_P20850,MYOLEG_V2_P20852,5.545191809130934e-05,-0.011090383618261868,True,
SUBJECT,HIP_NORMALIZED_RMS,phase,2,MYOLEG_VP_006,MYOLEG_V2_P20850,MYOLEG_V2_P20852,5.0359087759632715e-05,-0.010071817551926543,True,
SUBJECT,HIP_NORMALIZED_RMS,phase,2,MYOLEG_VP_007,MYOLEG_V2_P20850,MYOLEG_V2_P20852,5.341023670024647e-05,-0.010682047340049294,True,
SUBJECT,HIP_NORMALIZED_RMS,phase,2,MYOLEG_VP_009,MYOLEG_V2_P20850,MYOLEG_V2_P20852,4.5997442309819725e-05,-0.009199488461963945,True,
SUBJECT,HIP_NORMALIZED_RMS,phase,2,MYOLEG_VP_010,MYOLEG_V2_P20850,MYOLEG_V2_P20852,5.501830352994119e-05,-0.011003660705988239,True,
SUBJECT,HIP_NORMALIZED_RMS,phase,2,MYOLEG_VP_011,MYOLEG_V2_P20850,MYOLEG_V2_P20852,5.4945889704116624e-05,-0.010989177940823325,True,
SUBJECT,HIP_NORMALIZED_RMS,phase,2,MYOLEG_VP_013,MYOLEG_V2_P20850,MYOLEG_V2_P20852,5.464002172927973e-05,-0.010928004345855946,True,
SUBJECT,HIP_NORMALIZED_RMS,phase,2,MYOLEG_VP_014,MYOLEG_V2_P20850,MYOLEG_V2_P20852,5.298486963356552e-05,-0.010596973926713105,True,
SUBJECT,HIP_NORMALIZED_RMS,phase,2,MYOLEG_VP_015,MYOLEG_V2_P20850,MYOLEG_V2_P20852,4.931635907223786e-05,-0.009863271814447572,True,
SUBJECT,HIP_NORMALIZED_RMS,phase,2,MYOLEG_VP_017,MYOLEG_V2_P20850,MYOLEG_V2_P20852,4.937463717546997e-05,-0.009874927435093994,True,
SUBJECT,HIP_NORMALIZED_RMS,phase,2,MYOLEG_VP_018,MYOLEG_V2_P20850,MYOLEG_V2_P20852,5.173900701127554e-05,-0.010347801402255108,True,
SUBJECT,HIP_NORMALIZED_RMS,phase,2,MYOLEG_VP_019,MYOLEG_V2_P20850,MYOLEG_V2_P20852,5.271825508135208e-05,-0.010543651016270417,True,
SUBJECT,HIP_NORMALIZED_RMS,phase,2,MYOLEG_VP_021,MYOLEG_V2_P20850,MYOLEG_V2_P20852,5.745554804414965e-05,-0.01149110960882993,True,
SUBJECT,HIP_NORMALIZED_RMS,phase,2,MYOLEG_VP_022,MYOLEG_V2_P20850,MYOLEG_V2_P20852,4.869225964454493e-05,-0.009738451928908987,True,
SUBJECT,HIP_NORMALIZED_RMS,phase,2,MYOLEG_VP_023,MYOLEG_V2_P20850,MYOLEG_V2_P20852,4.949271849952197e-05,-0.009898543699904394,True,
SUBJECT,HIP_NORMALIZED_RMS,phase,2,MYOLEG_VP_025,MYOLEG_V2_P20850,MYOLEG_V2_P20852,4.212965808769731e-05,-0.008425931617539462,True,
SUBJECT,HIP_NORMALIZED_RMS,phase,2,MYOLEG_VP_026,MYOLEG_V2_P20850,MYOLEG_V2_P20852,4.139082525778104e-05,-0.008278165051556208,True,
SUBJECT,HIP_NORMALIZED_RMS,phase,2,MYOLEG_VP_027,MYOLEG_V2_P20850,MYOLEG_V2_P20852,5.79871296563228e-05,-0.01159742593126456,True,
SUBJECT,HIP_NORMALIZED_RMS,phase,2,MYOLEG_VP_029,MYOLEG_V2_P20850,MYOLEG_V2_P20852,5.376749757135535e-05,-0.01075349951427107,True,
SUBJECT,HIP_NORMALIZED_RMS,phase,2,MYOLEG_VP_030,MYOLEG_V2_P20850,MYOLEG_V2_P20852,4.449601616940413e-05,-0.008899203233880826,True,
SUBJECT,HIP_NORMALIZED_RMS,phase,2,MYOLEG_VP_031,MYOLEG_V2_P20850,MYOLEG_V2_P20852,5.2363383340137126e-05,-0.010472676668027425,True,
SUMMARY,HIP_NORMALIZED_RMS,phase,2,ALL_DEVELOPMENT,MYOLEG_V2_P20850,MYOLEG_V2_P20852,5.205119517570633e-05,-0.010410239035141267,,1.0
SUBJECT,HIP_NORMALIZED_RMS,phase,3,MYOLEG_VP_001,MYOLEG_V2_P20850,MYOLEG_V2_P20853,6.215291121924871e-05,-0.008287054829233162,True,
SUBJECT,HIP_NORMALIZED_RMS,phase,3,MYOLEG_VP_002,MYOLEG_V2_P20850,MYOLEG_V2_P20853,8.377939898340792e-05,-0.011170586531121057,True,
SUBJECT,HIP_NORMALIZED_RMS,phase,3,MYOLEG_VP_003,MYOLEG_V2_P20850,MYOLEG_V2_P20853,7.14595360135073e-05,-0.009527938135134306,True,
SUBJECT,HIP_NORMALIZED_RMS,phase,3,MYOLEG_VP_005,MYOLEG_V2_P20850,MYOLEG_V2_P20853,8.227720539000227e-05,-0.010970294052000304,True,
SUBJECT,HIP_NORMALIZED_RMS,phase,3,MYOLEG_VP_006,MYOLEG_V2_P20850,MYOLEG_V2_P20853,7.489062421239812e-05,-0.009985416561653082,True,
SUBJECT,HIP_NORMALIZED_RMS,phase,3,MYOLEG_VP_007,MYOLEG_V2_P20850,MYOLEG_V2_P20853,7.926120703793949e-05,-0.010568160938391932,True,
SUBJECT,HIP_NORMALIZED_RMS,phase,3,MYOLEG_VP_009,MYOLEG_V2_P20850,MYOLEG_V2_P20853,6.844536738559448e-05,-0.009126048984745932,True,
SUBJECT,HIP_NORMALIZED_RMS,phase,3,MYOLEG_VP_010,MYOLEG_V2_P20850,MYOLEG_V2_P20853,8.170249216676861e-05,-0.010893665622235815,True,
SUBJECT,HIP_NORMALIZED_RMS,phase,3,MYOLEG_VP_011,MYOLEG_V2_P20850,MYOLEG_V2_P20853,8.15109903382627e-05,-0.010868132045101694,True,
SUBJECT,HIP_NORMALIZED_RMS,phase,3,MYOLEG_VP_013,MYOLEG_V2_P20850,MYOLEG_V2_P20853,8.114864763741902e-05,-0.010819819684989204,True,
SUBJECT,HIP_NORMALIZED_RMS,phase,3,MYOLEG_VP_014,MYOLEG_V2_P20850,MYOLEG_V2_P20853,7.874018734488342e-05,-0.010498691645984456,True,
SUBJECT,HIP_NORMALIZED_RMS,phase,3,MYOLEG_VP_015,MYOLEG_V2_P20850,MYOLEG_V2_P20853,7.339354784807739e-05,-0.009785806379743653,True,
SUBJECT,HIP_NORMALIZED_RMS,phase,3,MYOLEG_VP_017,MYOLEG_V2_P20850,MYOLEG_V2_P20853,7.341650730552374e-05,-0.009788867640736498,True,
SUBJECT,HIP_NORMALIZED_RMS,phase,3,MYOLEG_VP_018,MYOLEG_V2_P20850,MYOLEG_V2_P20853,7.69407786124221e-05,-0.010258770481656281,True,
SUBJECT,HIP_NORMALIZED_RMS,phase,3,MYOLEG_VP_019,MYOLEG_V2_P20850,MYOLEG_V2_P20853,7.837707949831518e-05,-0.010450277266442026,True,
SUBJECT,HIP_NORMALIZED_RMS,phase,3,MYOLEG_VP_021,MYOLEG_V2_P20850,MYOLEG_V2_P20853,8.525728391972631e-05,-0.011367637855963508,True,
SUBJECT,HIP_NORMALIZED_RMS,phase,3,MYOLEG_VP_022,MYOLEG_V2_P20850,MYOLEG_V2_P20853,7.252478911567994e-05,-0.00966997188209066,True,
SUBJECT,HIP_NORMALIZED_RMS,phase,3,MYOLEG_VP_023,MYOLEG_V2_P20850,MYOLEG_V2_P20853,7.360885881735335e-05,-0.009814514508980448,True,
SUBJECT,HIP_NORMALIZED_RMS,phase,3,MYOLEG_VP_025,MYOLEG_V2_P20850,MYOLEG_V2_P20853,6.284839395698238e-05,-0.008379785860930985,True,
SUBJECT,HIP_NORMALIZED_RMS,phase,3,MYOLEG_VP_026,MYOLEG_V2_P20850,MYOLEG_V2_P20853,6.180996737925604e-05,-0.008241328983900805,True,
SUBJECT,HIP_NORMALIZED_RMS,phase,3,MYOLEG_VP_027,MYOLEG_V2_P20850,MYOLEG_V2_P20853,8.603052120004229e-05,-0.01147073616000564,True,
SUBJECT,HIP_NORMALIZED_RMS,phase,3,MYOLEG_VP_029,MYOLEG_V2_P20850,MYOLEG_V2_P20853,7.99029917634142e-05,-0.010653732235121893,True,
SUBJECT,HIP_NORMALIZED_RMS,phase,3,MYOLEG_VP_030,MYOLEG_V2_P20850,MYOLEG_V2_P20853,6.632135611328582e-05,-0.008842847481771443,True,
SUBJECT,HIP_NORMALIZED_RMS,phase,3,MYOLEG_VP_031,MYOLEG_V2_P20850,MYOLEG_V2_P20853,7.781588635169534e-05,-0.01037545151355938,True,
SUMMARY,HIP_NORMALIZED_RMS,phase,3,ALL_DEVELOPMENT,MYOLEG_V2_P20850,MYOLEG_V2_P20853,7.737833248205872e-05,-0.01031711099760783,,1.0
SUBJECT,KNEE_NORMALIZED_RMS,hip,1,MYOLEG_VP_001,MYOLEG_V2_P20850,MYOLEG_V2_P20125,-0.0002812378243955971,0.0011249512975823883,False,
SUBJECT,KNEE_NORMALIZED_RMS,hip,1,MYOLEG_VP_002,MYOLEG_V2_P20850,MYOLEG_V2_P20125,-0.0003157326139493488,0.0012629304557973953,False,
SUBJECT,KNEE_NORMALIZED_RMS,hip,1,MYOLEG_VP_003,MYOLEG_V2_P20850,MYOLEG_V2_P20125,-0.0003059140071128841,0.0012236560284515363,False,
SUBJECT,KNEE_NORMALIZED_RMS,hip,1,MYOLEG_VP_005,MYOLEG_V2_P20850,MYOLEG_V2_P20125,-0.00029035497850615766,0.0011614199140246306,False,
SUBJECT,KNEE_NORMALIZED_RMS,hip,1,MYOLEG_VP_006,MYOLEG_V2_P20850,MYOLEG_V2_P20125,-0.0003065550524870009,0.0012262202099480035,False,
SUBJECT,KNEE_NORMALIZED_RMS,hip,1,MYOLEG_VP_007,MYOLEG_V2_P20850,MYOLEG_V2_P20125,-0.0002935796064996721,0.0011743184259986883,False,
SUBJECT,KNEE_NORMALIZED_RMS,hip,1,MYOLEG_VP_009,MYOLEG_V2_P20850,MYOLEG_V2_P20125,-0.0002958548115092885,0.001183419246037154,False,
SUBJECT,KNEE_NORMALIZED_RMS,hip,1,MYOLEG_VP_010,MYOLEG_V2_P20850,MYOLEG_V2_P20125,-0.0003069028757994863,0.001227611503197945,False,
SUBJECT,KNEE_NORMALIZED_RMS,hip,1,MYOLEG_VP_011,MYOLEG_V2_P20850,MYOLEG_V2_P20125,-0.0002869468435726663,0.0011477873742906652,False,
SUBJECT,KNEE_NORMALIZED_RMS,hip,1,MYOLEG_VP_013,MYOLEG_V2_P20850,MYOLEG_V2_P20125,-0.0003074748680937933,0.0012298994723751733,False,
SUBJECT,KNEE_NORMALIZED_RMS,hip,1,MYOLEG_VP_014,MYOLEG_V2_P20850,MYOLEG_V2_P20125,-0.0003049124159928418,0.0012196496639713672,False,
SUBJECT,KNEE_NORMALIZED_RMS,hip,1,MYOLEG_VP_015,MYOLEG_V2_P20850,MYOLEG_V2_P20125,-0.0002885017804437062,0.001154007121774825,False,
SUBJECT,KNEE_NORMALIZED_RMS,hip,1,MYOLEG_VP_017,MYOLEG_V2_P20850,MYOLEG_V2_P20125,-0.0002942668344096955,0.001177067337638782,False,
SUBJECT,KNEE_NORMALIZED_RMS,hip,1,MYOLEG_VP_018,MYOLEG_V2_P20850,MYOLEG_V2_P20125,-0.0002957188155108259,0.0011828752620433036,False,
SUBJECT,KNEE_NORMALIZED_RMS,hip,1,MYOLEG_VP_019,MYOLEG_V2_P20850,MYOLEG_V2_P20125,-0.0003147464776378506,0.0012589859105514023,False,
SUBJECT,KNEE_NORMALIZED_RMS,hip,1,MYOLEG_VP_021,MYOLEG_V2_P20850,MYOLEG_V2_P20125,-0.00031130134405343846,0.0012452053762137538,False,
SUBJECT,KNEE_NORMALIZED_RMS,hip,1,MYOLEG_VP_022,MYOLEG_V2_P20850,MYOLEG_V2_P20125,-0.00031687584195982943,0.0012675033678393177,False,
SUBJECT,KNEE_NORMALIZED_RMS,hip,1,MYOLEG_VP_023,MYOLEG_V2_P20850,MYOLEG_V2_P20125,-0.00028935769441396086,0.0011574307776558435,False,
SUBJECT,KNEE_NORMALIZED_RMS,hip,1,MYOLEG_VP_025,MYOLEG_V2_P20850,MYOLEG_V2_P20125,-0.00029611126163842094,0.0011844450465536838,False,
SUBJECT,KNEE_NORMALIZED_RMS,hip,1,MYOLEG_VP_026,MYOLEG_V2_P20850,MYOLEG_V2_P20125,-0.0002901344457241217,0.001160537782896487,False,
SUBJECT,KNEE_NORMALIZED_RMS,hip,1,MYOLEG_VP_027,MYOLEG_V2_P20850,MYOLEG_V2_P20125,-0.00030527460675655593,0.0012210984270262237,False,
SUBJECT,KNEE_NORMALIZED_RMS,hip,1,MYOLEG_VP_029,MYOLEG_V2_P20850,MYOLEG_V2_P20125,-0.00030061549160020906,0.0012024619664008362,False,
SUBJECT,KNEE_NORMALIZED_RMS,hip,1,MYOLEG_VP_030,MYOLEG_V2_P20850,MYOLEG_V2_P20125,-0.000290408860727176,0.001161635442908704,False,
SUBJECT,KNEE_NORMALIZED_RMS,hip,1,MYOLEG_VP_031,MYOLEG_V2_P20850,MYOLEG_V2_P20125,-0.0002980749637523372,0.0011922998550093489,False,
SUMMARY,KNEE_NORMALIZED_RMS,hip,1,ALL_DEVELOPMENT,MYOLEG_V2_P20850,MYOLEG_V2_P20125,-0.0002970931126953791,0.0011883724507815163,,0.0
SUBJECT,KNEE_NORMALIZED_RMS,hip,2,MYOLEG_VP_001,MYOLEG_V2_P20850,MYOLEG_V2_P19400,-0.0005653938124706714,0.0011307876249413429,False,
SUBJECT,KNEE_NORMALIZED_RMS,hip,2,MYOLEG_VP_002,MYOLEG_V2_P20850,MYOLEG_V2_P19400,-0.0006359220942521171,0.0012718441885042342,False,
SUBJECT,KNEE_NORMALIZED_RMS,hip,2,MYOLEG_VP_003,MYOLEG_V2_P20850,MYOLEG_V2_P19400,-0.000615517717790226,0.001231035435580452,False,
SUBJECT,KNEE_NORMALIZED_RMS,hip,2,MYOLEG_VP_005,MYOLEG_V2_P20850,MYOLEG_V2_P19400,-0.0005848012484067633,0.0011696024968135266,False,
SUBJECT,KNEE_NORMALIZED_RMS,hip,2,MYOLEG_VP_006,MYOLEG_V2_P20850,MYOLEG_V2_P19400,-0.0006169693588781167,0.0012339387177562333,False,
SUBJECT,KNEE_NORMALIZED_RMS,hip,2,MYOLEG_VP_007,MYOLEG_V2_P20850,MYOLEG_V2_P19400,-0.0005912810724919559,0.0011825621449839119,False,
SUBJECT,KNEE_NORMALIZED_RMS,hip,2,MYOLEG_VP_009,MYOLEG_V2_P20850,MYOLEG_V2_P19400,-0.000595352758064216,0.001190705516128432,False,
SUBJECT,KNEE_NORMALIZED_RMS,hip,2,MYOLEG_VP_010,MYOLEG_V2_P20850,MYOLEG_V2_P19400,-0.000618103123280811,0.001236206246561622,False,
SUBJECT,KNEE_NORMALIZED_RMS,hip,2,MYOLEG_VP_011,MYOLEG_V2_P20850,MYOLEG_V2_P19400,-0.0005779126734256623,0.0011558253468513247,False,
SUBJECT,KNEE_NORMALIZED_RMS,hip,2,MYOLEG_VP_013,MYOLEG_V2_P20850,MYOLEG_V2_P19400,-0.0006191941565352188,0.0012383883130704376,False,
SUBJECT,KNEE_NORMALIZED_RMS,hip,2,MYOLEG_VP_014,MYOLEG_V2_P20850,MYOLEG_V2_P19400,-0.0006138621168210179,0.0012277242336420358,False,
SUBJECT,KNEE_NORMALIZED_RMS,hip,2,MYOLEG_VP_015,MYOLEG_V2_P20850,MYOLEG_V2_P19400,-0.0005802379805069924,0.0011604759610139848,False,
SUBJECT,KNEE_NORMALIZED_RMS,hip,2,MYOLEG_VP_017,MYOLEG_V2_P20850,MYOLEG_V2_P19400,-0.0005921394073057362,0.0011842788146114724,False,
SUBJECT,KNEE_NORMALIZED_RMS,hip,2,MYOLEG_VP_018,MYOLEG_V2_P20850,MYOLEG_V2_P19400,-0.00059500358055109,0.00119000716110218,False,
SUBJECT,KNEE_NORMALIZED_RMS,hip,2,MYOLEG_VP_019,MYOLEG_V2_P20850,MYOLEG_V2_P19400,-0.0006336055247614381,0.0012672110495228761,False,
SUBJECT,KNEE_NORMALIZED_RMS,hip,2,MYOLEG_VP_021,MYOLEG_V2_P20850,MYOLEG_V2_P19400,-0.0006271678876538234,0.0012543357753076467,False,
SUBJECT,KNEE_NORMALIZED_RMS,hip,2,MYOLEG_VP_022,MYOLEG_V2_P20850,MYOLEG_V2_P19400,-0.0006375032496332977,0.0012750064992665955,False,
SUBJECT,KNEE_NORMALIZED_RMS,hip,2,MYOLEG_VP_023,MYOLEG_V2_P20850,MYOLEG_V2_P19400,-0.0005822890254529867,0.0011645780509059733,False,
SUBJECT,KNEE_NORMALIZED_RMS,hip,2,MYOLEG_VP_025,MYOLEG_V2_P20850,MYOLEG_V2_P19400,-0.0005953889826806336,0.0011907779653612671,False,
SUBJECT,KNEE_NORMALIZED_RMS,hip,2,MYOLEG_VP_026,MYOLEG_V2_P20850,MYOLEG_V2_P19400,-0.000583152499141204,0.001166304998282408,False,
SUBJECT,KNEE_NORMALIZED_RMS,hip,2,MYOLEG_VP_027,MYOLEG_V2_P20850,MYOLEG_V2_P19400,-0.0006150284613347656,0.0012300569226695313,False,
SUBJECT,KNEE_NORMALIZED_RMS,hip,2,MYOLEG_VP_029,MYOLEG_V2_P20850,MYOLEG_V2_P19400,-0.0006051114710362571,0.0012102229420725141,False,
SUBJECT,KNEE_NORMALIZED_RMS,hip,2,MYOLEG_VP_030,MYOLEG_V2_P20850,MYOLEG_V2_P19400,-0.0005839790902003594,0.0011679581804007189,False,
SUBJECT,KNEE_NORMALIZED_RMS,hip,2,MYOLEG_VP_031,MYOLEG_V2_P20850,MYOLEG_V2_P19400,-0.0005999923975972266,0.0011999847951944531,False,
SUMMARY,KNEE_NORMALIZED_RMS,hip,2,ALL_DEVELOPMENT,MYOLEG_V2_P20850,MYOLEG_V2_P19400,-0.0005976906901389301,0.0011953813802778601,,0.0
SUBJECT,KNEE_NORMALIZED_RMS,hip,3,MYOLEG_VP_001,MYOLEG_V2_P20850,MYOLEG_V2_P18675,-0.0008524398626799101,0.0011365864835732136,False,
SUBJECT,KNEE_NORMALIZED_RMS,hip,3,MYOLEG_VP_002,MYOLEG_V2_P20850,MYOLEG_V2_P18675,-0.0009605402178515243,0.0012807202904686992,False,
SUBJECT,KNEE_NORMALIZED_RMS,hip,3,MYOLEG_VP_003,MYOLEG_V2_P20850,MYOLEG_V2_P18675,-0.0009287821133240337,0.0012383761510987117,False,
SUBJECT,KNEE_NORMALIZED_RMS,hip,3,MYOLEG_VP_005,MYOLEG_V2_P20850,MYOLEG_V2_P18675,-0.0008833121185981563,0.0011777494914642084,False,
SUBJECT,KNEE_NORMALIZED_RMS,hip,3,MYOLEG_VP_006,MYOLEG_V2_P20850,MYOLEG_V2_P18675,-0.000931214204397901,0.0012416189391972015,False,
SUBJECT,KNEE_NORMALIZED_RMS,hip,3,MYOLEG_VP_007,MYOLEG_V2_P20850,MYOLEG_V2_P18675,-0.0008930774531640262,0.0011907699375520349,False,
SUBJECT,KNEE_NORMALIZED_RMS,hip,3,MYOLEG_VP_009,MYOLEG_V2_P20850,MYOLEG_V2_P18675,-0.0008984656836003024,0.0011979542448004032,False,
SUBJECT,KNEE_NORMALIZED_RMS,hip,3,MYOLEG_VP_010,MYOLEG_V2_P20850,MYOLEG_V2_P18675,-0.0009335729312752727,0.0012447639083670303,False,
SUBJECT,KNEE_NORMALIZED_RMS,hip,3,MYOLEG_VP_011,MYOLEG_V2_P20850,MYOLEG_V2_P18675,-0.0008728709735797979,0.0011638279647730638,False,
SUBJECT,KNEE_NORMALIZED_RMS,hip,3,MYOLEG_VP_013,MYOLEG_V2_P20850,MYOLEG_V2_P18675,-0.0009351299099830124,0.00124683987997735,False,
SUBJECT,KNEE_NORMALIZED_RMS,hip,3,MYOLEG_VP_014,MYOLEG_V2_P20850,MYOLEG_V2_P18675,-0.0009268208939083866,0.0012357611918778488,False,
SUBJECT,KNEE_NORMALIZED_RMS,hip,3,MYOLEG_VP_015,MYOLEG_V2_P20850,MYOLEG_V2_P18675,-0.0008751802593907065,0.001166907012520942,False,
SUBJECT,KNEE_NORMALIZED_RMS,hip,3,MYOLEG_VP_017,MYOLEG_V2_P20850,MYOLEG_V2_P18675,-0.0008935896323238879,0.0011914528430985172,False,
SUBJECT,KNEE_NORMALIZED_RMS,hip,3,MYOLEG_VP_018,MYOLEG_V2_P20850,MYOLEG_V2_P18675,-0.0008978259660279431,0.0011971012880372574,False,
SUBJECT,KNEE_NORMALIZED_RMS,hip,3,MYOLEG_VP_019,MYOLEG_V2_P20850,MYOLEG_V2_P18675,-0.0009565482218102384,0.0012753976290803177,False,
SUBJECT,KNEE_NORMALIZED_RMS,hip,3,MYOLEG_VP_021,MYOLEG_V2_P20850,MYOLEG_V2_P18675,-0.0009475720887915928,0.0012634294517221238,False,
SUBJECT,KNEE_NORMALIZED_RMS,hip,3,MYOLEG_VP_022,MYOLEG_V2_P20850,MYOLEG_V2_P18675,-0.0009618522882394176,0.0012824697176525568,False,
SUBJECT,KNEE_NORMALIZED_RMS,hip,3,MYOLEG_VP_023,MYOLEG_V2_P20850,MYOLEG_V2_P18675,-0.0008787663022463699,0.0011716884029951598,False,
SUBJECT,KNEE_NORMALIZED_RMS,hip,3,MYOLEG_VP_025,MYOLEG_V2_P20850,MYOLEG_V2_P18675,-0.0008978040454404868,0.0011970720605873157,False,
SUBJECT,KNEE_NORMALIZED_RMS,hip,3,MYOLEG_VP_026,MYOLEG_V2_P20850,MYOLEG_V2_P18675,-0.0008790250806357536,0.0011720334408476714,False,
SUBJECT,KNEE_NORMALIZED_RMS,hip,3,MYOLEG_VP_027,MYOLEG_V2_P20850,MYOLEG_V2_P18675,-0.0009292343527296243,0.0012389791369728325,False,
SUBJECT,KNEE_NORMALIZED_RMS,hip,3,MYOLEG_VP_029,MYOLEG_V2_P20850,MYOLEG_V2_P18675,-0.0009134598308330188,0.0012179464411106917,False,
SUBJECT,KNEE_NORMALIZED_RMS,hip,3,MYOLEG_VP_030,MYOLEG_V2_P20850,MYOLEG_V2_P18675,-0.0008806821074275328,0.001174242809903377,False,
SUBJECT,KNEE_NORMALIZED_RMS,hip,3,MYOLEG_VP_031,MYOLEG_V2_P20850,MYOLEG_V2_P18675,-0.0009057243396614068,0.0012076324528818756,False,
SUMMARY,KNEE_NORMALIZED_RMS,hip,3,ALL_DEVELOPMENT,MYOLEG_V2_P20850,MYOLEG_V2_P18675,-0.0009020950116308546,0.0012027933488411393,,0.0
SUBJECT,KNEE_NORMALIZED_RMS,knee,1,MYOLEG_VP_001,MYOLEG_V2_P20850,MYOLEG_V2_P20825,0.00211049014766318,-0.00844196059065272,True,
SUBJECT,KNEE_NORMALIZED_RMS,knee,1,MYOLEG_VP_002,MYOLEG_V2_P20850,MYOLEG_V2_P20825,0.0024519740143247315,-0.009807896057298926,True,
SUBJECT,KNEE_NORMALIZED_RMS,knee,1,MYOLEG_VP_003,MYOLEG_V2_P20850,MYOLEG_V2_P20825,0.002341586879849533,-0.009366347519398133,True,
SUBJECT,KNEE_NORMALIZED_RMS,knee,1,MYOLEG_VP_005,MYOLEG_V2_P20850,MYOLEG_V2_P20825,0.002384135517040198,-0.009536542068160792,True,
SUBJECT,KNEE_NORMALIZED_RMS,knee,1,MYOLEG_VP_006,MYOLEG_V2_P20850,MYOLEG_V2_P20825,0.0023712781917007986,-0.009485112766803194,True,
SUBJECT,KNEE_NORMALIZED_RMS,knee,1,MYOLEG_VP_007,MYOLEG_V2_P20850,MYOLEG_V2_P20825,0.002393345560574245,-0.00957338224229698,True,
SUBJECT,KNEE_NORMALIZED_RMS,knee,1,MYOLEG_VP_009,MYOLEG_V2_P20850,MYOLEG_V2_P20825,0.0023198601458829238,-0.009279440583531695,True,
SUBJECT,KNEE_NORMALIZED_RMS,knee,1,MYOLEG_VP_010,MYOLEG_V2_P20850,MYOLEG_V2_P20825,0.0024299333251693866,-0.009719733300677547,True,
SUBJECT,KNEE_NORMALIZED_RMS,knee,1,MYOLEG_VP_011,MYOLEG_V2_P20850,MYOLEG_V2_P20825,0.002367762774344917,-0.009471051097379668,True,
SUBJECT,KNEE_NORMALIZED_RMS,knee,1,MYOLEG_VP_013,MYOLEG_V2_P20850,MYOLEG_V2_P20825,0.0024251725598527507,-0.009700690239411003,True,
SUBJECT,KNEE_NORMALIZED_RMS,knee,1,MYOLEG_VP_014,MYOLEG_V2_P20850,MYOLEG_V2_P20825,0.0023966918485920363,-0.009586767394368145,True,
SUBJECT,KNEE_NORMALIZED_RMS,knee,1,MYOLEG_VP_015,MYOLEG_V2_P20850,MYOLEG_V2_P20825,0.0022023331687465175,-0.00880933267498607,True,
SUBJECT,KNEE_NORMALIZED_RMS,knee,1,MYOLEG_VP_017,MYOLEG_V2_P20850,MYOLEG_V2_P20825,0.0023039206914907684,-0.009215682765963074,True,
SUBJECT,KNEE_NORMALIZED_RMS,knee,1,MYOLEG_VP_018,MYOLEG_V2_P20850,MYOLEG_V2_P20825,0.0022957894258334166,-0.009183157703333666,True,
SUBJECT,KNEE_NORMALIZED_RMS,knee,1,MYOLEG_VP_019,MYOLEG_V2_P20850,MYOLEG_V2_P20825,0.0024186923095954604,-0.009674769238381842,True,
SUBJECT,KNEE_NORMALIZED_RMS,knee,1,MYOLEG_VP_021,MYOLEG_V2_P20850,MYOLEG_V2_P20825,0.0024544998403966956,-0.009817999361586782,True,
SUBJECT,KNEE_NORMALIZED_RMS,knee,1,MYOLEG_VP_022,MYOLEG_V2_P20850,MYOLEG_V2_P20825,0.00236956280505074,-0.00947825122020296,True,
SUBJECT,KNEE_NORMALIZED_RMS,knee,1,MYOLEG_VP_023,MYOLEG_V2_P20850,MYOLEG_V2_P20825,0.0022923758626687274,-0.00916950345067491,True,
SUBJECT,KNEE_NORMALIZED_RMS,knee,1,MYOLEG_VP_025,MYOLEG_V2_P20850,MYOLEG_V2_P20825,0.002212370756632942,-0.008849483026531768,True,
SUBJECT,KNEE_NORMALIZED_RMS,knee,1,MYOLEG_VP_026,MYOLEG_V2_P20850,MYOLEG_V2_P20825,0.0021218594882165265,-0.008487437952866106,True,
SUBJECT,KNEE_NORMALIZED_RMS,knee,1,MYOLEG_VP_027,MYOLEG_V2_P20850,MYOLEG_V2_P20825,0.0024436597178453257,-0.009774638871381303,True,
SUBJECT,KNEE_NORMALIZED_RMS,knee,1,MYOLEG_VP_029,MYOLEG_V2_P20850,MYOLEG_V2_P20825,0.0023646956740543956,-0.009458782696217582,True,
SUBJECT,KNEE_NORMALIZED_RMS,knee,1,MYOLEG_VP_030,MYOLEG_V2_P20850,MYOLEG_V2_P20825,0.0021968715520206406,-0.008787486208082562,True,
SUBJECT,KNEE_NORMALIZED_RMS,knee,1,MYOLEG_VP_031,MYOLEG_V2_P20850,MYOLEG_V2_P20825,0.002355641058725322,-0.009422564234901287,True,
SUMMARY,KNEE_NORMALIZED_RMS,knee,1,ALL_DEVELOPMENT,MYOLEG_V2_P20850,MYOLEG_V2_P20825,0.0023662292241996563,-0.009464916896798625,,1.0
SUBJECT,KNEE_NORMALIZED_RMS,knee,2,MYOLEG_VP_001,MYOLEG_V2_P20850,MYOLEG_V2_P20800,0.004260324778863511,-0.008520649557727022,True,
SUBJECT,KNEE_NORMALIZED_RMS,knee,2,MYOLEG_VP_002,MYOLEG_V2_P20850,MYOLEG_V2_P20800,0.00490566304582285,-0.0098113260916457,True,
SUBJECT,KNEE_NORMALIZED_RMS,knee,2,MYOLEG_VP_003,MYOLEG_V2_P20850,MYOLEG_V2_P20800,0.004701886250747189,-0.009403772501494378,True,
SUBJECT,KNEE_NORMALIZED_RMS,knee,2,MYOLEG_VP_005,MYOLEG_V2_P20850,MYOLEG_V2_P20800,0.004779589671591977,-0.009559179343183954,True,
SUBJECT,KNEE_NORMALIZED_RMS,knee,2,MYOLEG_VP_006,MYOLEG_V2_P20850,MYOLEG_V2_P20800,0.004757649394598218,-0.009515298789196436,True,
SUBJECT,KNEE_NORMALIZED_RMS,knee,2,MYOLEG_VP_007,MYOLEG_V2_P20850,MYOLEG_V2_P20800,0.004796839547202891,-0.009593679094405783,True,
SUBJECT,KNEE_NORMALIZED_RMS,knee,2,MYOLEG_VP_009,MYOLEG_V2_P20850,MYOLEG_V2_P20800,0.004659618338314853,-0.009319236676629705,True,
SUBJECT,KNEE_NORMALIZED_RMS,knee,2,MYOLEG_VP_010,MYOLEG_V2_P20850,MYOLEG_V2_P20800,0.004865293341515642,-0.009730586683031284,True,
SUBJECT,KNEE_NORMALIZED_RMS,knee,2,MYOLEG_VP_011,MYOLEG_V2_P20850,MYOLEG_V2_P20800,0.004748928444113898,-0.009497856888227796,True,
SUBJECT,KNEE_NORMALIZED_RMS,knee,2,MYOLEG_VP_013,MYOLEG_V2_P20850,MYOLEG_V2_P20800,0.004856874523146759,-0.009713749046293518,True,
SUBJECT,KNEE_NORMALIZED_RMS,knee,2,MYOLEG_VP_014,MYOLEG_V2_P20850,MYOLEG_V2_P20800,0.0048044949369220324,-0.009608989873844065,True,
SUBJECT,KNEE_NORMALIZED_RMS,knee,2,MYOLEG_VP_015,MYOLEG_V2_P20850,MYOLEG_V2_P20800,0.004436838065153603,-0.008873676130307206,True,
SUBJECT,KNEE_NORMALIZED_RMS,knee,2,MYOLEG_VP_017,MYOLEG_V2_P20850,MYOLEG_V2_P20800,0.004629895293313924,-0.009259790586627847,True,
SUBJECT,KNEE_NORMALIZED_RMS,knee,2,MYOLEG_VP_018,MYOLEG_V2_P20850,MYOLEG_V2_P20800,0.004614874502558153,-0.009229749005116306,True,
SUBJECT,KNEE_NORMALIZED_RMS,knee,2,MYOLEG_VP_019,MYOLEG_V2_P20850,MYOLEG_V2_P20800,0.004846308986851011,-0.009692617973702022,True,
SUBJECT,KNEE_NORMALIZED_RMS,knee,2,MYOLEG_VP_021,MYOLEG_V2_P20850,MYOLEG_V2_P20800,0.004909014187133964,-0.009818028374267929,True,
SUBJECT,KNEE_NORMALIZED_RMS,knee,2,MYOLEG_VP_022,MYOLEG_V2_P20850,MYOLEG_V2_P20800,0.004755555515800869,-0.009511111031601738,True,
SUBJECT,KNEE_NORMALIZED_RMS,knee,2,MYOLEG_VP_023,MYOLEG_V2_P20850,MYOLEG_V2_P20800,0.004607340769902657,-0.009214681539805314,True,
SUBJECT,KNEE_NORMALIZED_RMS,knee,2,MYOLEG_VP_025,MYOLEG_V2_P20850,MYOLEG_V2_P20800,0.004456081612232987,-0.008912163224465974,True,
SUBJECT,KNEE_NORMALIZED_RMS,knee,2,MYOLEG_VP_026,MYOLEG_V2_P20850,MYOLEG_V2_P20800,0.00428285864909439,-0.00856571729818878,True,
SUBJECT,KNEE_NORMALIZED_RMS,knee,2,MYOLEG_VP_027,MYOLEG_V2_P20850,MYOLEG_V2_P20800,0.004889494539385919,-0.009778989078771838,True,
SUBJECT,KNEE_NORMALIZED_RMS,knee,2,MYOLEG_VP_029,MYOLEG_V2_P20850,MYOLEG_V2_P20800,0.0047448696694656345,-0.009489739338931269,True,
SUBJECT,KNEE_NORMALIZED_RMS,knee,2,MYOLEG_VP_030,MYOLEG_V2_P20850,MYOLEG_V2_P20800,0.004426147150398463,-0.008852294300796926,True,
SUBJECT,KNEE_NORMALIZED_RMS,knee,2,MYOLEG_VP_031,MYOLEG_V2_P20850,MYOLEG_V2_P20800,0.00472750127021726,-0.00945500254043452,True,
SUMMARY,KNEE_NORMALIZED_RMS,knee,2,ALL_DEVELOPMENT,MYOLEG_V2_P20850,MYOLEG_V2_P20800,0.004746899056789766,-0.009493798113579532,,1.0
SUBJECT,KNEE_NORMALIZED_RMS,knee,3,MYOLEG_VP_001,MYOLEG_V2_P20850,MYOLEG_V2_P20775,0.006445527375568583,-0.00859403650075811,True,
SUBJECT,KNEE_NORMALIZED_RMS,knee,3,MYOLEG_VP_002,MYOLEG_V2_P20850,MYOLEG_V2_P20775,0.007359091239501847,-0.009812121652669129,True,
SUBJECT,KNEE_NORMALIZED_RMS,knee,3,MYOLEG_VP_003,MYOLEG_V2_P20850,MYOLEG_V2_P20775,0.0070779829626653745,-0.009437310616887165,True,
SUBJECT,KNEE_NORMALIZED_RMS,knee,3,MYOLEG_VP_005,MYOLEG_V2_P20850,MYOLEG_V2_P20775,0.0071838004400129885,-0.009578400586683985,True,
SUBJECT,KNEE_NORMALIZED_RMS,knee,3,MYOLEG_VP_006,MYOLEG_V2_P20850,MYOLEG_V2_P20775,0.007156382838781505,-0.009541843785042007,True,
SUBJECT,KNEE_NORMALIZED_RMS,knee,3,MYOLEG_VP_007,MYOLEG_V2_P20850,MYOLEG_V2_P20775,0.007207996761029234,-0.009610662348038979,True,
SUBJECT,KNEE_NORMALIZED_RMS,knee,3,MYOLEG_VP_009,MYOLEG_V2_P20850,MYOLEG_V2_P20775,0.007016299070700005,-0.009355065427600007,True,
SUBJECT,KNEE_NORMALIZED_RMS,knee,3,MYOLEG_VP_010,MYOLEG_V2_P20850,MYOLEG_V2_P20775,0.007303881328675654,-0.009738508438234206,True,
SUBJECT,KNEE_NORMALIZED_RMS,knee,3,MYOLEG_VP_011,MYOLEG_V2_P20850,MYOLEG_V2_P20775,0.0071408107226905715,-0.009521080963587428,True,
SUBJECT,KNEE_NORMALIZED_RMS,knee,3,MYOLEG_VP_013,MYOLEG_V2_P20850,MYOLEG_V2_P20775,0.007292845431291051,-0.009723793908388068,True,
SUBJECT,KNEE_NORMALIZED_RMS,knee,3,MYOLEG_VP_014,MYOLEG_V2_P20850,MYOLEG_V2_P20775,0.0072208943460686514,-0.009627859128091535,True,
SUBJECT,KNEE_NORMALIZED_RMS,knee,3,MYOLEG_VP_015,MYOLEG_V2_P20850,MYOLEG_V2_P20775,0.006699861327406298,-0.00893314843654173,True,
SUBJECT,KNEE_NORMALIZED_RMS,knee,3,MYOLEG_VP_017,MYOLEG_V2_P20850,MYOLEG_V2_P20775,0.006974804472222429,-0.009299739296296572,True,
SUBJECT,KNEE_NORMALIZED_RMS,knee,3,MYOLEG_VP_018,MYOLEG_V2_P20850,MYOLEG_V2_P20775,0.006954064242788216,-0.009272085657050955,True,
SUBJECT,KNEE_NORMALIZED_RMS,knee,3,MYOLEG_VP_019,MYOLEG_V2_P20850,MYOLEG_V2_P20775,0.007280467122250278,-0.009707289496333704,True,
SUBJECT,KNEE_NORMALIZED_RMS,knee,3,MYOLEG_VP_021,MYOLEG_V2_P20850,MYOLEG_V2_P20775,0.007361651779792533,-0.009815535706390044,True,
SUBJECT,KNEE_NORMALIZED_RMS,knee,3,MYOLEG_VP_022,MYOLEG_V2_P20850,MYOLEG_V2_P20775,0.007155202334382049,-0.009540269779176066,True,
SUBJECT,KNEE_NORMALIZED_RMS,knee,3,MYOLEG_VP_023,MYOLEG_V2_P20850,MYOLEG_V2_P20775,0.006941757129906079,-0.009255676173208105,True,
SUBJECT,KNEE_NORMALIZED_RMS,knee,3,MYOLEG_VP_025,MYOLEG_V2_P20850,MYOLEG_V2_P20775,0.006727577428828013,-0.008970103238437352,True,
SUBJECT,KNEE_NORMALIZED_RMS,knee,3,MYOLEG_VP_026,MYOLEG_V2_P20850,MYOLEG_V2_P20775,0.00647905015796324,-0.008638733543950986,True,
SUBJECT,KNEE_NORMALIZED_RMS,knee,3,MYOLEG_VP_027,MYOLEG_V2_P20850,MYOLEG_V2_P20775,0.007335475095702759,-0.009780633460937013,True,
SUBJECT,KNEE_NORMALIZED_RMS,knee,3,MYOLEG_VP_029,MYOLEG_V2_P20850,MYOLEG_V2_P20775,0.007137749603694621,-0.009516999471592827,True,
SUBJECT,KNEE_NORMALIZED_RMS,knee,3,MYOLEG_VP_030,MYOLEG_V2_P20850,MYOLEG_V2_P20775,0.006684199795408685,-0.008912266393878246,True,
SUBJECT,KNEE_NORMALIZED_RMS,knee,3,MYOLEG_VP_031,MYOLEG_V2_P20850,MYOLEG_V2_P20775,0.007112773422037089,-0.009483697896049451,True,
SUMMARY,KNEE_NORMALIZED_RMS,knee,3,ALL_DEVELOPMENT,MYOLEG_V2_P20850,MYOLEG_V2_P20775,0.007139280163192596,-0.009519040217590128,,1.0
SUBJECT,KNEE_NORMALIZED_RMS,phase,1,MYOLEG_VP_001,MYOLEG_V2_P20850,MYOLEG_V2_P20851,6.126594217681358e-05,-0.024506376870725433,True,
SUBJECT,KNEE_NORMALIZED_RMS,phase,1,MYOLEG_VP_002,MYOLEG_V2_P20850,MYOLEG_V2_P20851,8.026032167662844e-05,-0.03210412867065138,True,
SUBJECT,KNEE_NORMALIZED_RMS,phase,1,MYOLEG_VP_003,MYOLEG_V2_P20850,MYOLEG_V2_P20851,7.146988349160388e-05,-0.028587953396641552,True,
SUBJECT,KNEE_NORMALIZED_RMS,phase,1,MYOLEG_VP_005,MYOLEG_V2_P20850,MYOLEG_V2_P20851,8.229880652366184e-05,-0.032919522609464735,True,
SUBJECT,KNEE_NORMALIZED_RMS,phase,1,MYOLEG_VP_006,MYOLEG_V2_P20850,MYOLEG_V2_P20851,7.493783805712084e-05,-0.029975135222848337,True,
SUBJECT,KNEE_NORMALIZED_RMS,phase,1,MYOLEG_VP_007,MYOLEG_V2_P20850,MYOLEG_V2_P20851,8.073466664859641e-05,-0.032293866659438564,True,
SUBJECT,KNEE_NORMALIZED_RMS,phase,1,MYOLEG_VP_009,MYOLEG_V2_P20850,MYOLEG_V2_P20851,6.926383855743179e-05,-0.027705535422972716,True,
SUBJECT,KNEE_NORMALIZED_RMS,phase,1,MYOLEG_VP_010,MYOLEG_V2_P20850,MYOLEG_V2_P20851,7.950374881471323e-05,-0.03180149952588529,True,
SUBJECT,KNEE_NORMALIZED_RMS,phase,1,MYOLEG_VP_011,MYOLEG_V2_P20850,MYOLEG_V2_P20851,8.299835692027191e-05,-0.033199342768108764,True,
SUBJECT,KNEE_NORMALIZED_RMS,phase,1,MYOLEG_VP_013,MYOLEG_V2_P20850,MYOLEG_V2_P20851,7.940283841578744e-05,-0.031761135366314974,True,
SUBJECT,KNEE_NORMALIZED_RMS,phase,1,MYOLEG_VP_014,MYOLEG_V2_P20850,MYOLEG_V2_P20851,7.624524419491685e-05,-0.03049809767796674,True,
SUBJECT,KNEE_NORMALIZED_RMS,phase,1,MYOLEG_VP_015,MYOLEG_V2_P20850,MYOLEG_V2_P20851,7.222101643433732e-05,-0.028888406573734926,True,
SUBJECT,KNEE_NORMALIZED_RMS,phase,1,MYOLEG_VP_017,MYOLEG_V2_P20850,MYOLEG_V2_P20851,7.426792443143704e-05,-0.029707169772574815,True,
SUBJECT,KNEE_NORMALIZED_RMS,phase,1,MYOLEG_VP_018,MYOLEG_V2_P20850,MYOLEG_V2_P20851,7.519022102575601e-05,-0.030076088410302404,True,
SUBJECT,KNEE_NORMALIZED_RMS,phase,1,MYOLEG_VP_019,MYOLEG_V2_P20850,MYOLEG_V2_P20851,7.633575058185738e-05,-0.03053430023274295,True,
SUBJECT,KNEE_NORMALIZED_RMS,phase,1,MYOLEG_VP_021,MYOLEG_V2_P20850,MYOLEG_V2_P20851,8.371489750491623e-05,-0.03348595900196649,True,
SUBJECT,KNEE_NORMALIZED_RMS,phase,1,MYOLEG_VP_022,MYOLEG_V2_P20850,MYOLEG_V2_P20851,6.989196374274087e-05,-0.027956785497096348,True,
SUBJECT,KNEE_NORMALIZED_RMS,phase,1,MYOLEG_VP_023,MYOLEG_V2_P20850,MYOLEG_V2_P20851,7.115003480162585e-05,-0.02846001392065034,True,
SUBJECT,KNEE_NORMALIZED_RMS,phase,1,MYOLEG_VP_025,MYOLEG_V2_P20850,MYOLEG_V2_P20851,6.170543556205388e-05,-0.02468217422482155,True,
SUBJECT,KNEE_NORMALIZED_RMS,phase,1,MYOLEG_VP_026,MYOLEG_V2_P20850,MYOLEG_V2_P20851,5.838408816993823e-05,-0.023353635267975292,True,
SUBJECT,KNEE_NORMALIZED_RMS,phase,1,MYOLEG_VP_027,MYOLEG_V2_P20850,MYOLEG_V2_P20851,8.402528677042831e-05,-0.033610114708171324,True,
SUBJECT,KNEE_NORMALIZED_RMS,phase,1,MYOLEG_VP_029,MYOLEG_V2_P20850,MYOLEG_V2_P20851,7.815810981881555e-05,-0.03126324392752622,True,
SUBJECT,KNEE_NORMALIZED_RMS,phase,1,MYOLEG_VP_030,MYOLEG_V2_P20850,MYOLEG_V2_P20851,6.43502800629081e-05,-0.025740112025163242,True,
SUBJECT,KNEE_NORMALIZED_RMS,phase,1,MYOLEG_VP_031,MYOLEG_V2_P20850,MYOLEG_V2_P20851,7.650226108368852e-05,-0.030600904433475407,True,
SUMMARY,KNEE_NORMALIZED_RMS,phase,1,ALL_DEVELOPMENT,MYOLEG_V2_P20850,MYOLEG_V2_P20851,7.571773261033643e-05,-0.030287093044134572,,1.0
SUBJECT,KNEE_NORMALIZED_RMS,phase,2,MYOLEG_VP_001,MYOLEG_V2_P20850,MYOLEG_V2_P20852,0.00012256418090350607,-0.024512836180701214,True,
SUBJECT,KNEE_NORMALIZED_RMS,phase,2,MYOLEG_VP_002,MYOLEG_V2_P20850,MYOLEG_V2_P20852,0.0001588910489348505,-0.0317782097869701,True,
SUBJECT,KNEE_NORMALIZED_RMS,phase,2,MYOLEG_VP_003,MYOLEG_V2_P20850,MYOLEG_V2_P20852,0.00014220430222666725,-0.02844086044533345,True,
SUBJECT,KNEE_NORMALIZED_RMS,phase,2,MYOLEG_VP_005,MYOLEG_V2_P20850,MYOLEG_V2_P20852,0.00016296313985109112,-0.032592627970218224,True,
SUBJECT,KNEE_NORMALIZED_RMS,phase,2,MYOLEG_VP_006,MYOLEG_V2_P20850,MYOLEG_V2_P20852,0.00014888228020804029,-0.029776456041608057,True,
SUBJECT,KNEE_NORMALIZED_RMS,phase,2,MYOLEG_VP_007,MYOLEG_V2_P20850,MYOLEG_V2_P20852,0.0001598830258667805,-0.0319766051733561,True,
SUBJECT,KNEE_NORMALIZED_RMS,phase,2,MYOLEG_VP_009,MYOLEG_V2_P20850,MYOLEG_V2_P20852,0.00013775270101568093,-0.027550540203136187,True,
SUBJECT,KNEE_NORMALIZED_RMS,phase,2,MYOLEG_VP_010,MYOLEG_V2_P20850,MYOLEG_V2_P20852,0.00015744672671724746,-0.03148934534344949,True,
SUBJECT,KNEE_NORMALIZED_RMS,phase,2,MYOLEG_VP_011,MYOLEG_V2_P20850,MYOLEG_V2_P20852,0.0001643753676772164,-0.03287507353544328,True,
SUBJECT,KNEE_NORMALIZED_RMS,phase,2,MYOLEG_VP_013,MYOLEG_V2_P20850,MYOLEG_V2_P20852,0.00015730801228885927,-0.03146160245777185,True,
SUBJECT,KNEE_NORMALIZED_RMS,phase,2,MYOLEG_VP_014,MYOLEG_V2_P20850,MYOLEG_V2_P20852,0.0001512540417797359,-0.03025080835594718,True,
SUBJECT,KNEE_NORMALIZED_RMS,phase,2,MYOLEG_VP_015,MYOLEG_V2_P20850,MYOLEG_V2_P20852,0.00014396174644826232,-0.028792349289652464,True,
SUBJECT,KNEE_NORMALIZED_RMS,phase,2,MYOLEG_VP_017,MYOLEG_V2_P20850,MYOLEG_V2_P20852,0.00014766673890476145,-0.02953334778095229,True,
SUBJECT,KNEE_NORMALIZED_RMS,phase,2,MYOLEG_VP_018,MYOLEG_V2_P20850,MYOLEG_V2_P20852,0.00014955694785989682,-0.029911389571979363,True,
SUBJECT,KNEE_NORMALIZED_RMS,phase,2,MYOLEG_VP_019,MYOLEG_V2_P20850,MYOLEG_V2_P20852,0.00015148228535144526,-0.03029645707028905,True,
SUBJECT,KNEE_NORMALIZED_RMS,phase,2,MYOLEG_VP_021,MYOLEG_V2_P20850,MYOLEG_V2_P20852,0.0001655517169172338,-0.03311034338344676,True,
SUBJECT,KNEE_NORMALIZED_RMS,phase,2,MYOLEG_VP_022,MYOLEG_V2_P20850,MYOLEG_V2_P20852,0.00013916750701015168,-0.027833501402030336,True,
SUBJECT,KNEE_NORMALIZED_RMS,phase,2,MYOLEG_VP_023,MYOLEG_V2_P20850,MYOLEG_V2_P20852,0.00014146964722960842,-0.028293929445921684,True,
SUBJECT,KNEE_NORMALIZED_RMS,phase,2,MYOLEG_VP_025,MYOLEG_V2_P20850,MYOLEG_V2_P20852,0.00012336047181926713,-0.024672094363853425,True,
SUBJECT,KNEE_NORMALIZED_RMS,phase,2,MYOLEG_VP_026,MYOLEG_V2_P20850,MYOLEG_V2_P20852,0.00011704478857477163,-0.023408957714954326,True,
SUBJECT,KNEE_NORMALIZED_RMS,phase,2,MYOLEG_VP_027,MYOLEG_V2_P20850,MYOLEG_V2_P20852,0.00016617705484267553,-0.033235410968535106,True,
SUBJECT,KNEE_NORMALIZED_RMS,phase,2,MYOLEG_VP_029,MYOLEG_V2_P20850,MYOLEG_V2_P20852,0.0001551449270281724,-0.03102898540563448,True,
SUBJECT,KNEE_NORMALIZED_RMS,phase,2,MYOLEG_VP_030,MYOLEG_V2_P20850,MYOLEG_V2_P20852,0.00012851190548068825,-0.02570238109613765,True,
SUBJECT,KNEE_NORMALIZED_RMS,phase,2,MYOLEG_VP_031,MYOLEG_V2_P20850,MYOLEG_V2_P20852,0.0001518775845238407,-0.03037551690476814,True,
SUMMARY,KNEE_NORMALIZED_RMS,phase,2,ALL_DEVELOPMENT,MYOLEG_V2_P20850,MYOLEG_V2_P20852,0.00015040549481981635,-0.03008109896396327,,1.0
SUBJECT,KNEE_NORMALIZED_RMS,phase,3,MYOLEG_VP_001,MYOLEG_V2_P20850,MYOLEG_V2_P20853,0.00018638064519749253,-0.024850752692999006,True,
SUBJECT,KNEE_NORMALIZED_RMS,phase,3,MYOLEG_VP_002,MYOLEG_V2_P20850,MYOLEG_V2_P20853,0.00023868175515340262,-0.03182423402045369,True,
SUBJECT,KNEE_NORMALIZED_RMS,phase,3,MYOLEG_VP_003,MYOLEG_V2_P20850,MYOLEG_V2_P20853,0.00021480812602714394,-0.02864108347028586,True,
SUBJECT,KNEE_NORMALIZED_RMS,phase,3,MYOLEG_VP_005,MYOLEG_V2_P20850,MYOLEG_V2_P20853,0.00024478746251499484,-0.032638328335332645,True,
SUBJECT,KNEE_NORMALIZED_RMS,phase,3,MYOLEG_VP_006,MYOLEG_V2_P20850,MYOLEG_V2_P20853,0.00022447091081123638,-0.02992945477483152,True,
SUBJECT,KNEE_NORMALIZED_RMS,phase,3,MYOLEG_VP_007,MYOLEG_V2_P20850,MYOLEG_V2_P20853,0.00024025143000327986,-0.03203352400043732,True,
SUBJECT,KNEE_NORMALIZED_RMS,phase,3,MYOLEG_VP_009,MYOLEG_V2_P20850,MYOLEG_V2_P20853,0.00020816285130842438,-0.027755046841123253,True,
SUBJECT,KNEE_NORMALIZED_RMS,phase,3,MYOLEG_VP_010,MYOLEG_V2_P20850,MYOLEG_V2_P20853,0.00023661913167083437,-0.03154921755611125,True,
SUBJECT,KNEE_NORMALIZED_RMS,phase,3,MYOLEG_VP_011,MYOLEG_V2_P20850,MYOLEG_V2_P20853,0.0002469033467217274,-0.03292044622956366,True,
SUBJECT,KNEE_NORMALIZED_RMS,phase,3,MYOLEG_VP_013,MYOLEG_V2_P20850,MYOLEG_V2_P20853,0.0002364891419222026,-0.031531885589627016,True,
SUBJECT,KNEE_NORMALIZED_RMS,phase,3,MYOLEG_VP_014,MYOLEG_V2_P20850,MYOLEG_V2_P20853,0.0002277365281264654,-0.030364870416862054,True,
SUBJECT,KNEE_NORMALIZED_RMS,phase,3,MYOLEG_VP_015,MYOLEG_V2_P20850,MYOLEG_V2_P20853,0.00021769008643468535,-0.029025344857958046,True,
SUBJECT,KNEE_NORMALIZED_RMS,phase,3,MYOLEG_VP_017,MYOLEG_V2_P20850,MYOLEG_V2_P20853,0.00022280766000659646,-0.02970768800087953,True,
SUBJECT,KNEE_NORMALIZED_RMS,phase,3,MYOLEG_VP_018,MYOLEG_V2_P20850,MYOLEG_V2_P20853,0.00022565622482328962,-0.030087496643105283,True,
SUBJECT,KNEE_NORMALIZED_RMS,phase,3,MYOLEG_VP_019,MYOLEG_V2_P20850,MYOLEG_V2_P20853,0.00022811540353873117,-0.03041538713849749,True,
SUBJECT,KNEE_NORMALIZED_RMS,phase,3,MYOLEG_VP_021,MYOLEG_V2_P20850,MYOLEG_V2_P20853,0.00024834740459256377,-0.03311298727900851,True,
SUBJECT,KNEE_NORMALIZED_RMS,phase,3,MYOLEG_VP_022,MYOLEG_V2_P20850,MYOLEG_V2_P20853,0.0002103841297981246,-0.028051217306416614,True,
SUBJECT,KNEE_NORMALIZED_RMS,phase,3,MYOLEG_VP_023,MYOLEG_V2_P20850,MYOLEG_V2_P20853,0.0002136211914705033,-0.02848282552940044,True,
SUBJECT,KNEE_NORMALIZED_RMS,phase,3,MYOLEG_VP_025,MYOLEG_V2_P20850,MYOLEG_V2_P20853,0.00018747847470812484,-0.024997129961083314,True,
SUBJECT,KNEE_NORMALIZED_RMS,phase,3,MYOLEG_VP_026,MYOLEG_V2_P20850,MYOLEG_V2_P20853,0.00017840901991583724,-0.023787869322111632,True,
SUBJECT,KNEE_NORMALIZED_RMS,phase,3,MYOLEG_VP_027,MYOLEG_V2_P20850,MYOLEG_V2_P20853,0.0002492837405120296,-0.03323783206827062,True,
SUBJECT,KNEE_NORMALIZED_RMS,phase,3,MYOLEG_VP_029,MYOLEG_V2_P20850,MYOLEG_V2_P20853,0.00023360677805694952,-0.03114757040759327,True,
SUBJECT,KNEE_NORMALIZED_RMS,phase,3,MYOLEG_VP_030,MYOLEG_V2_P20850,MYOLEG_V2_P20853,0.0001950041537597258,-0.026000553834630107,True,
SUBJECT,KNEE_NORMALIZED_RMS,phase,3,MYOLEG_VP_031,MYOLEG_V2_P20850,MYOLEG_V2_P20853,0.00022879543772946764,-0.03050605836392902,True,
SUMMARY,KNEE_NORMALIZED_RMS,phase,3,ALL_DEVELOPMENT,MYOLEG_V2_P20850,MYOLEG_V2_P20853,0.0002266963764748775,-0.03022618352998367,,1.0
