subject_id,direction,reference_candidate_id,neighbor_candidate_id,signed_beta_step,reference_j,neighbor_j,delta_j_neighbor_minus_reference,finite_difference_dj_dbeta,delta_sign,neighbor_is_descent
MYOLEG_VP_001,beta_flex_negative,MYOLEG_V3_K0312,MYOLEG_V3_K0287,-0.0025,1.0,1.0002255524709707,0.0002255524709706691,-0.09022098838826764,1,False
MYOLEG_VP_001,beta_flex_positive,MYOLEG_V3_K0312,MYOLEG_V3_K0337,0.0025,1.0,0.999795335662544,-0.00020466433745602863,-0.08186573498241145,-1,True
MYOLEG_VP_001,beta_extend_negative,MYOLEG_V3_K0312,MYOLEG_V3_K0311,-0.0025,1.0,0.9997411532067316,-0.0002588467932683747,0.10353871730734987,-1,True
MYOLEG_VP_001,beta_extend_positive,MYOLEG_V3_K0312,MYOLEG_V3_K0313,0.0025,1.0,1.0002785225681146,0.00027852256811455867,0.11140902724582347,1,False
MYOLEG_VP_002,beta_flex_negative,MYOLEG_V3_K0312,MYOLEG_V3_K0287,-0.0025,0.9999999999999998,1.0001992327209797,0.00019923272097988054,-0.07969308839195222,1,False
MYOLEG_VP_002,beta_flex_positive,MYOLEG_V3_K0312,MYOLEG_V3_K0337,0.0025,0.9999999999999998,0.9998215156443656,-0.00017848435563416754,-0.07139374225366701,-1,True
MYOLEG_VP_002,beta_extend_negative,MYOLEG_V3_K0312,MYOLEG_V3_K0311,-0.0025,0.9999999999999998,0.9997634206342708,-0.00023657936572896165,0.09463174629158466,-1,True
MYOLEG_VP_002,beta_extend_positive,MYOLEG_V3_K0312,MYOLEG_V3_K0313,0.0025,0.9999999999999998,1.0002560218375767,0.0002560218375768919,0.10240873503075676,1,False
MYOLEG_VP_003,beta_flex_negative,MYOLEG_V3_K0312,MYOLEG_V3_K0287,-0.0025,1.0000000000000002,1.0002133821334214,0.0002133821334211472,-0.08535285336845888,1,False
MYOLEG_VP_003,beta_flex_positive,MYOLEG_V3_K0312,MYOLEG_V3_K0337,0.0025,1.0000000000000002,0.9998070785757887,-0.00019292142421156733,-0.07716856968462693,-1,True
MYOLEG_VP_003,beta_extend_negative,MYOLEG_V3_K0312,MYOLEG_V3_K0311,-0.0025,1.0000000000000002,0.9997506412964124,-0.00024935870358777645,0.09974348143511058,-1,True
MYOLEG_VP_003,beta_extend_positive,MYOLEG_V3_K0312,MYOLEG_V3_K0313,0.0025,1.0000000000000002,1.0002685572181642,0.0002685572181639895,0.10742288726559579,1,False
MYOLEG_VP_005,beta_flex_negative,MYOLEG_V3_K0312,MYOLEG_V3_K0287,-0.0025,1.0000000000000002,1.0002031018522601,0.00020310185225991262,-0.08124074090396505,1,False
MYOLEG_VP_005,beta_flex_positive,MYOLEG_V3_K0312,MYOLEG_V3_K0337,0.0025,1.0000000000000002,0.999818161769416,-0.00018183823058426363,-0.07273529223370545,-1,True
MYOLEG_VP_005,beta_extend_negative,MYOLEG_V3_K0312,MYOLEG_V3_K0311,-0.0025,1.0000000000000002,0.9997594070807986,-0.00024059291920164316,0.09623716768065727,-1,True
MYOLEG_VP_005,beta_extend_positive,MYOLEG_V3_K0312,MYOLEG_V3_K0313,0.0025,1.0000000000000002,1.0002605588567606,0.0002605588567603512,0.10422354270414047,1,False
MYOLEG_VP_006,beta_flex_negative,MYOLEG_V3_K0312,MYOLEG_V3_K0287,-0.0025,1.0,1.0002096736037835,0.0002096736037835445,-0.0838694415134178,1,False
MYOLEG_VP_006,beta_flex_positive,MYOLEG_V3_K0312,MYOLEG_V3_K0337,0.0025,1.0,0.9998107656602656,-0.00018923433973438986,-0.07569373589375594,-1,True
MYOLEG_VP_006,beta_extend_negative,MYOLEG_V3_K0312,MYOLEG_V3_K0311,-0.0025,1.0,0.9997535602941777,-0.0002464397058222767,0.09857588232891068,-1,True
MYOLEG_VP_006,beta_extend_positive,MYOLEG_V3_K0312,MYOLEG_V3_K0313,0.0025,1.0,1.000265603720432,0.0002656037204320505,0.1062414881728202,1,False
MYOLEG_VP_007,beta_flex_negative,MYOLEG_V3_K0312,MYOLEG_V3_K0287,-0.0025,0.9999999999999997,1.0002031011530481,0.00020310115304844611,-0.08124046121937845,1,False
MYOLEG_VP_007,beta_flex_positive,MYOLEG_V3_K0312,MYOLEG_V3_K0337,0.0025,0.9999999999999997,0.9998181024591226,-0.0001818975408770518,-0.07275901635082072,-1,True
MYOLEG_VP_007,beta_extend_negative,MYOLEG_V3_K0312,MYOLEG_V3_K0311,-0.0025,0.9999999999999997,0.9997602121942596,-0.00023978780574007708,0.09591512229603083,-1,True
MYOLEG_VP_007,beta_extend_positive,MYOLEG_V3_K0312,MYOLEG_V3_K0313,0.0025,0.9999999999999997,1.0002596959426386,0.0002596959426389711,0.10387837705558844,1,False
MYOLEG_VP_009,beta_flex_negative,MYOLEG_V3_K0312,MYOLEG_V3_K0287,-0.0025,0.9999999999999999,1.0002145196397874,0.00021451963978746935,-0.08580785591498774,1,False
MYOLEG_VP_009,beta_flex_positive,MYOLEG_V3_K0312,MYOLEG_V3_K0337,0.0025,0.9999999999999999,0.9998066732779916,-0.00019332672200833567,-0.07733068880333427,-1,True
MYOLEG_VP_009,beta_extend_negative,MYOLEG_V3_K0312,MYOLEG_V3_K0311,-0.0025,0.9999999999999999,0.9997514535669193,-0.00024854643308058755,0.09941857323223502,-1,True
MYOLEG_VP_009,beta_extend_positive,MYOLEG_V3_K0312,MYOLEG_V3_K0313,0.0025,0.9999999999999999,1.0002684822532741,0.00026848225327424924,0.1073929013096997,1,False
MYOLEG_VP_010,beta_flex_negative,MYOLEG_V3_K0312,MYOLEG_V3_K0287,-0.0025,1.0000000000000002,1.0002014245152409,0.00020142451524063354,-0.08056980609625342,1,False
MYOLEG_VP_010,beta_flex_positive,MYOLEG_V3_K0312,MYOLEG_V3_K0337,0.0025,1.0000000000000002,0.9998195188448159,-0.00018048115518431995,-0.07219246207372798,-1,True
MYOLEG_VP_010,beta_extend_negative,MYOLEG_V3_K0312,MYOLEG_V3_K0311,-0.0025,1.0000000000000002,0.9997616982652535,-0.00023830173474670424,0.0953206938986817,-1,True
MYOLEG_VP_010,beta_extend_positive,MYOLEG_V3_K0312,MYOLEG_V3_K0313,0.0025,1.0000000000000002,1.0002579479535716,0.0002579479535713691,0.10317918142854765,1,False
MYOLEG_VP_011,beta_flex_negative,MYOLEG_V3_K0312,MYOLEG_V3_K0287,-0.0025,0.9999999999999998,1.000203627030919,0.00020362703091914014,-0.08145081236765606,1,False
MYOLEG_VP_011,beta_flex_positive,MYOLEG_V3_K0312,MYOLEG_V3_K0337,0.0025,0.9999999999999998,0.9998175381791703,-0.0001824618208294826,-0.07298472833179304,-1,True
MYOLEG_VP_011,beta_extend_negative,MYOLEG_V3_K0312,MYOLEG_V3_K0311,-0.0025,0.9999999999999998,0.9997586490772423,-0.00024135092275745507,0.09654036910298203,-1,True
MYOLEG_VP_011,beta_extend_positive,MYOLEG_V3_K0312,MYOLEG_V3_K0313,0.0025,0.9999999999999998,1.0002612182017934,0.00026121820179358934,0.10448728071743574,1,False
MYOLEG_VP_013,beta_flex_negative,MYOLEG_V3_K0312,MYOLEG_V3_K0287,-0.0025,0.9999999999999997,1.000203146493204,0.00020314649320429812,-0.08125859728171925,1,False
MYOLEG_VP_013,beta_flex_positive,MYOLEG_V3_K0312,MYOLEG_V3_K0337,0.0025,0.9999999999999997,0.9998178171319086,-0.0001821828680910187,-0.07287314723640748,-1,True
MYOLEG_VP_013,beta_extend_negative,MYOLEG_V3_K0312,MYOLEG_V3_K0311,-0.0025,0.9999999999999997,0.9997598250723467,-0.00024017492765293635,0.09606997106117454,-1,True
MYOLEG_VP_013,beta_extend_positive,MYOLEG_V3_K0312,MYOLEG_V3_K0313,0.0025,0.9999999999999997,1.0002598360013613,0.0002598360013615908,0.10393440054463632,1,False
MYOLEG_VP_014,beta_flex_negative,MYOLEG_V3_K0312,MYOLEG_V3_K0287,-0.0025,1.0000000000000002,1.0002075096344565,0.00020750963445625992,-0.08300385378250397,1,False
MYOLEG_VP_014,beta_flex_positive,MYOLEG_V3_K0312,MYOLEG_V3_K0337,0.0025,1.0000000000000002,0.9998134212569995,-0.00018657874300076482,-0.07463149720030593,-1,True
MYOLEG_VP_014,beta_extend_negative,MYOLEG_V3_K0312,MYOLEG_V3_K0311,-0.0025,1.0000000000000002,0.9997560322987168,-0.00024396770128343181,0.09758708051337273,-1,True
MYOLEG_VP_014,beta_extend_positive,MYOLEG_V3_K0312,MYOLEG_V3_K0313,0.0025,1.0000000000000002,1.0002636041612132,0.00026360416121296026,0.1054416644851841,1,False
MYOLEG_VP_015,beta_flex_negative,MYOLEG_V3_K0312,MYOLEG_V3_K0287,-0.0025,1.0,1.0002187423604092,0.00021874236040919648,-0.08749694416367859,1,False
MYOLEG_VP_015,beta_flex_positive,MYOLEG_V3_K0312,MYOLEG_V3_K0337,0.0025,1.0,0.9998016101480193,-0.00019838985198072923,-0.07935594079229169,-1,True
MYOLEG_VP_015,beta_extend_negative,MYOLEG_V3_K0312,MYOLEG_V3_K0311,-0.0025,1.0,0.9997437398745739,-0.0002562601254261221,0.10250405017044883,-1,True
MYOLEG_VP_015,beta_extend_positive,MYOLEG_V3_K0312,MYOLEG_V3_K0313,0.0025,1.0,1.000275361924281,0.0002753619242810146,0.11014476971240583,1,False
MYOLEG_VP_017,beta_flex_negative,MYOLEG_V3_K0312,MYOLEG_V3_K0287,-0.0025,0.9999999999999998,1.0002133581399784,0.0002133581399785811,-0.08534325599143244,1,False
MYOLEG_VP_017,beta_flex_positive,MYOLEG_V3_K0312,MYOLEG_V3_K0337,0.0025,0.9999999999999998,0.9998073372992019,-0.0001926627007978743,-0.07706508031914971,-1,True
MYOLEG_VP_017,beta_extend_negative,MYOLEG_V3_K0312,MYOLEG_V3_K0311,-0.0025,0.9999999999999998,0.9997500784720444,-0.0002499215279553324,0.09996861118213296,-1,True
MYOLEG_VP_017,beta_extend_positive,MYOLEG_V3_K0312,MYOLEG_V3_K0313,0.0025,0.9999999999999998,1.0002693470189958,0.00026934701899605784,0.10773880759842314,1,False
MYOLEG_VP_018,beta_flex_negative,MYOLEG_V3_K0312,MYOLEG_V3_K0287,-0.0025,1.0000000000000002,1.0002146649604504,0.0002146649604501949,-0.08586598418007796,1,False
MYOLEG_VP_018,beta_flex_positive,MYOLEG_V3_K0312,MYOLEG_V3_K0337,0.0025,1.0000000000000002,0.9998059287748028,-0.00019407122519743414,-0.07762849007897366,-1,True
MYOLEG_VP_018,beta_extend_negative,MYOLEG_V3_K0312,MYOLEG_V3_K0311,-0.0025,1.0000000000000002,0.9997476652496741,-0.00025233475032615527,0.1009339001304621,-1,True
MYOLEG_VP_018,beta_extend_positive,MYOLEG_V3_K0312,MYOLEG_V3_K0313,0.0025,1.0000000000000002,1.0002716495679844,0.00027164956798420015,0.10865982719368006,1,False
MYOLEG_VP_019,beta_flex_negative,MYOLEG_V3_K0312,MYOLEG_V3_K0287,-0.0025,1.0,1.000206290123815,0.00020629012381490064,-0.08251604952596026,1,False
MYOLEG_VP_019,beta_flex_positive,MYOLEG_V3_K0312,MYOLEG_V3_K0337,0.0025,1.0,0.999814168837877,-0.00018583116212300688,-0.07433246484920275,-1,True
MYOLEG_VP_019,beta_extend_negative,MYOLEG_V3_K0312,MYOLEG_V3_K0311,-0.0025,1.0,0.9997567052486778,-0.00024329475132223166,0.09731790052889266,-1,True
MYOLEG_VP_019,beta_extend_positive,MYOLEG_V3_K0312,MYOLEG_V3_K0313,0.0025,1.0,1.0002624615109692,0.000262461510969203,0.1049846043876812,1,False
MYOLEG_VP_021,beta_flex_negative,MYOLEG_V3_K0312,MYOLEG_V3_K0287,-0.0025,0.9999999999999998,1.0001954072587156,0.00019540725871580733,-0.07816290348632293,1,False
MYOLEG_VP_021,beta_flex_positive,MYOLEG_V3_K0312,MYOLEG_V3_K0337,0.0025,0.9999999999999998,0.9998253577290398,-0.0001746422709599793,-0.06985690838399172,-1,True
MYOLEG_VP_021,beta_extend_negative,MYOLEG_V3_K0312,MYOLEG_V3_K0311,-0.0025,0.9999999999999998,0.9997667206928375,-0.00023327930716232625,0.0933117228649305,-1,True
MYOLEG_VP_021,beta_extend_positive,MYOLEG_V3_K0312,MYOLEG_V3_K0313,0.0025,0.9999999999999998,1.0002527342711645,0.0002527342711646785,0.1010937084658714,1,False
MYOLEG_VP_022,beta_flex_negative,MYOLEG_V3_K0312,MYOLEG_V3_K0287,-0.0025,1.0000000000000004,1.000214419105098,0.000214419105097452,-0.0857676420389808,1,False
MYOLEG_VP_022,beta_flex_positive,MYOLEG_V3_K0312,MYOLEG_V3_K0337,0.0025,1.0000000000000004,0.9998058079263705,-0.00019419207362991742,-0.07767682945196697,-1,True
MYOLEG_VP_022,beta_extend_negative,MYOLEG_V3_K0312,MYOLEG_V3_K0311,-0.0025,1.0000000000000004,0.9997494243209705,-0.000250575679029974,0.10023027161198961,-1,True
MYOLEG_VP_022,beta_extend_positive,MYOLEG_V3_K0312,MYOLEG_V3_K0313,0.0025,1.0000000000000004,1.00026953208482,0.00026953208481961255,0.10781283392784502,1,False
MYOLEG_VP_023,beta_flex_negative,MYOLEG_V3_K0312,MYOLEG_V3_K0287,-0.0025,1.0000000000000002,1.0002156117564984,0.00021561175649820186,-0.08624470259928074,1,False
MYOLEG_VP_023,beta_flex_positive,MYOLEG_V3_K0312,MYOLEG_V3_K0337,0.0025,1.0000000000000002,0.9998057801928556,-0.0001942198071446244,-0.07768792285784976,-1,True
MYOLEG_VP_023,beta_extend_negative,MYOLEG_V3_K0312,MYOLEG_V3_K0311,-0.0025,1.0000000000000002,0.9997493372600118,-0.0002506627399884165,0.1002650959953666,-1,True
MYOLEG_VP_023,beta_extend_positive,MYOLEG_V3_K0312,MYOLEG_V3_K0313,0.0025,1.0000000000000002,1.0002707855692383,0.0002707855692380967,0.10831422769523869,1,False
MYOLEG_VP_025,beta_flex_negative,MYOLEG_V3_K0312,MYOLEG_V3_K0287,-0.0025,0.9999999999999999,1.000223592891673,0.0002235928916730634,-0.08943715666922536,1,False
MYOLEG_VP_025,beta_flex_positive,MYOLEG_V3_K0312,MYOLEG_V3_K0337,0.0025,0.9999999999999999,0.9997971097927052,-0.00020289020729469254,-0.08115608291787701,-1,True
MYOLEG_VP_025,beta_extend_negative,MYOLEG_V3_K0312,MYOLEG_V3_K0311,-0.0025,0.9999999999999999,0.9997429254214004,-0.0002570745785994699,0.10282983143978797,-1,True
MYOLEG_VP_025,beta_extend_positive,MYOLEG_V3_K0312,MYOLEG_V3_K0313,0.0025,0.9999999999999999,1.0002765515627388,0.00027655156273886927,0.11062062509554771,1,False
MYOLEG_VP_026,beta_flex_negative,MYOLEG_V3_K0312,MYOLEG_V3_K0287,-0.0025,1.0,1.0002287166269377,0.00022871662693768613,-0.09148665077507445,1,False
MYOLEG_VP_026,beta_flex_positive,MYOLEG_V3_K0312,MYOLEG_V3_K0337,0.0025,1.0,0.9997920116399722,-0.00020798836002777765,-0.08319534401111106,-1,True
MYOLEG_VP_026,beta_extend_negative,MYOLEG_V3_K0312,MYOLEG_V3_K0311,-0.0025,1.0,0.9997379848876208,-0.00026201511237922137,0.10480604495168855,-1,True
MYOLEG_VP_026,beta_extend_positive,MYOLEG_V3_K0312,MYOLEG_V3_K0313,0.0025,1.0,1.0002815297980885,0.00028152979808848677,0.11261191923539471,1,False
MYOLEG_VP_027,beta_flex_negative,MYOLEG_V3_K0312,MYOLEG_V3_K0287,-0.0025,0.9999999999999998,1.0001967020160678,0.00019670201606802884,-0.07868080642721154,1,False
MYOLEG_VP_027,beta_flex_positive,MYOLEG_V3_K0312,MYOLEG_V3_K0337,0.0025,0.9999999999999998,0.9998242182056047,-0.00017578179439503572,-0.07031271775801429,-1,True
MYOLEG_VP_027,beta_extend_negative,MYOLEG_V3_K0312,MYOLEG_V3_K0311,-0.0025,0.9999999999999998,0.9997653382784593,-0.0002346617215405189,0.09386468861620756,-1,True
MYOLEG_VP_027,beta_extend_positive,MYOLEG_V3_K0312,MYOLEG_V3_K0313,0.0025,0.9999999999999998,1.000254270536749,0.0002542705367492015,0.10170821469968061,1,False
MYOLEG_VP_029,beta_flex_negative,MYOLEG_V3_K0312,MYOLEG_V3_K0287,-0.0025,1.0000000000000002,1.0002084446692634,0.00020844466926317473,-0.08337786770526989,1,False
MYOLEG_VP_029,beta_flex_positive,MYOLEG_V3_K0312,MYOLEG_V3_K0337,0.0025,1.0000000000000002,0.9998121798251408,-0.00018782017485940994,-0.07512806994376398,-1,True
MYOLEG_VP_029,beta_extend_negative,MYOLEG_V3_K0312,MYOLEG_V3_K0311,-0.0025,1.0000000000000002,0.9997536879917363,-0.00024631200826397137,0.09852480330558855,-1,True
MYOLEG_VP_029,beta_extend_positive,MYOLEG_V3_K0312,MYOLEG_V3_K0313,0.0025,1.0000000000000002,1.0002656512507158,0.0002656512507155373,0.10626050028621492,1,False
MYOLEG_VP_030,beta_flex_negative,MYOLEG_V3_K0312,MYOLEG_V3_K0287,-0.0025,1.0,1.000223662274579,0.00022366227457903953,-0.08946490983161581,1,False
MYOLEG_VP_030,beta_flex_positive,MYOLEG_V3_K0312,MYOLEG_V3_K0337,0.0025,1.0,0.9997973079481894,-0.00020269205181056016,-0.08107682072422406,-1,True
MYOLEG_VP_030,beta_extend_negative,MYOLEG_V3_K0312,MYOLEG_V3_K0311,-0.0025,1.0,0.9997420809598111,-0.0002579190401889031,0.10316761607556124,-1,True
MYOLEG_VP_030,beta_extend_positive,MYOLEG_V3_K0312,MYOLEG_V3_K0313,0.0025,1.0,1.0002776480146645,0.00027764801466445554,0.11105920586578222,1,False
MYOLEG_VP_031,beta_flex_negative,MYOLEG_V3_K0312,MYOLEG_V3_K0287,-0.0025,0.9999999999999997,1.0002101759068374,0.00021017590683769516,-0.08407036273507806,1,False
MYOLEG_VP_031,beta_flex_positive,MYOLEG_V3_K0312,MYOLEG_V3_K0337,0.0025,0.9999999999999997,0.9998107480092708,-0.0001892519907288337,-0.07570079629153348,-1,True
MYOLEG_VP_031,beta_extend_negative,MYOLEG_V3_K0312,MYOLEG_V3_K0311,-0.0025,0.9999999999999997,0.9997529556866179,-0.00024704431338173904,0.09881772535269562,-1,True
MYOLEG_VP_031,beta_extend_positive,MYOLEG_V3_K0312,MYOLEG_V3_K0313,0.0025,0.9999999999999997,1.0002666786808325,0.00026667868083285473,0.10667147233314189,1,False
