hip_deg,knee_deg,knee_velocity_deg_s,max_abs_diff_tendon_length,max_abs_diff_actuator_length,max_abs_diff_normalized_actuator_length,max_abs_diff_moment_arm_hip,max_abs_diff_moment_arm_knee,max_abs_diff_actuator_force,max_abs_diff_qfrc_passive,max_abs_diff_qfrc_actuator,max_abs_diff_equality_residual,native_finite,extended_125_finite,deterministic_match
30.0,100.0,0.0,0.0,0.0,0.0,0.0,0.0,0.0,0.0,0.0,0.0,True,True,True
30.0,100.0,5.0,0.0,0.0,0.0,0.0,0.0,0.0,0.0,0.0,0.0,True,True,True
30.0,100.0,-5.0,0.0,0.0,0.0,0.0,0.0,0.0,0.0,0.0,0.0,True,True,True
30.0,105.0,0.0,0.0,0.0,0.0,0.0,0.0,0.0,0.0,0.0,0.0,True,True,True
30.0,105.0,5.0,0.0,0.0,0.0,0.0,0.0,0.0,0.0,0.0,0.0,True,True,True
30.0,105.0,-5.0,0.0,0.0,0.0,0.0,0.0,0.0,0.0,0.0,0.0,True,True,True
30.0,110.0,0.0,0.0,0.0,0.0,0.0,0.0,0.0,0.0,0.0,0.0,True,True,True
30.0,110.0,5.0,0.0,0.0,0.0,0.0,0.0,0.0,0.0,0.0,0.0,True,True,True
30.0,110.0,-5.0,0.0,0.0,0.0,0.0,0.0,0.0,0.0,0.0,0.0,True,True,True
30.0,115.0,0.0,0.0,0.0,0.0,0.0,0.0,0.0,0.0,0.0,0.0,True,True,True
30.0,115.0,5.0,0.0,0.0,0.0,0.0,0.0,0.0,0.0,0.0,0.0,True,True,True
30.0,115.0,-5.0,0.0,0.0,0.0,0.0,0.0,0.0,0.0,0.0,0.0,True,True,True
30.0,118.0,0.0,0.0,0.0,0.0,0.0,0.0,0.0,0.0,0.0,0.0,True,True,True
30.0,118.0,5.0,0.0,0.0,0.0,0.0,0.0,0.0,0.0,0.0,0.0,True,True,True
30.0,118.0,-5.0,0.0,0.0,0.0,0.0,0.0,0.0,0.0,0.0,0.0,True,True,True
30.0,120.0,0.0,0.0,0.0,0.0,0.0,0.0,0.0,0.0,0.0,0.0,True,True,True
30.0,120.0,5.0,0.0,0.0,0.0,0.0,0.0,0.0,0.0,0.0,0.0,True,True,True
30.0,120.0,-5.0,0.0,0.0,0.0,0.0,0.0,0.0,0.0,0.0,0.0,True,True,True
60.0,100.0,0.0,0.0,0.0,0.0,0.0,0.0,0.0,0.0,0.0,0.0,True,True,True
60.0,100.0,5.0,0.0,0.0,0.0,0.0,0.0,0.0,0.0,0.0,0.0,True,True,True
60.0,100.0,-5.0,0.0,0.0,0.0,0.0,0.0,0.0,0.0,0.0,0.0,True,True,True
60.0,105.0,0.0,0.0,0.0,0.0,0.0,0.0,0.0,0.0,0.0,0.0,True,True,True
60.0,105.0,5.0,0.0,0.0,0.0,0.0,0.0,0.0,0.0,0.0,0.0,True,True,True
60.0,105.0,-5.0,0.0,0.0,0.0,0.0,0.0,0.0,0.0,0.0,0.0,True,True,True
60.0,110.0,0.0,0.0,0.0,0.0,0.0,0.0,0.0,0.0,0.0,0.0,True,True,True
60.0,110.0,5.0,0.0,0.0,0.0,0.0,0.0,0.0,0.0,0.0,0.0,True,True,True
60.0,110.0,-5.0,0.0,0.0,0.0,0.0,0.0,0.0,0.0,0.0,0.0,True,True,True
60.0,115.0,0.0,0.0,0.0,0.0,0.0,0.0,0.0,0.0,0.0,0.0,True,True,True
60.0,115.0,5.0,0.0,0.0,0.0,0.0,0.0,0.0,0.0,0.0,0.0,True,True,True
60.0,115.0,-5.0,0.0,0.0,0.0,0.0,0.0,0.0,0.0,0.0,0.0,True,True,True
60.0,118.0,0.0,0.0,0.0,0.0,0.0,0.0,0.0,0.0,0.0,0.0,True,True,True
60.0,118.0,5.0,0.0,0.0,0.0,0.0,0.0,0.0,0.0,0.0,0.0,True,True,True
60.0,118.0,-5.0,0.0,0.0,0.0,0.0,0.0,0.0,0.0,0.0,0.0,True,True,True
60.0,120.0,0.0,0.0,0.0,0.0,0.0,0.0,0.0,0.0,0.0,0.0,True,True,True
60.0,120.0,5.0,0.0,0.0,0.0,0.0,0.0,0.0,0.0,0.0,0.0,True,True,True
60.0,120.0,-5.0,0.0,0.0,0.0,0.0,0.0,0.0,0.0,0.0,0.0,True,True,True
90.0,100.0,0.0,0.0,0.0,0.0,0.0,0.0,0.0,0.0,0.0,0.0,True,True,True
90.0,100.0,5.0,0.0,0.0,0.0,0.0,0.0,0.0,0.0,0.0,0.0,True,True,True
90.0,100.0,-5.0,0.0,0.0,0.0,0.0,0.0,0.0,0.0,0.0,0.0,True,True,True
90.0,105.0,0.0,0.0,0.0,0.0,0.0,0.0,0.0,0.0,0.0,0.0,True,True,True
90.0,105.0,5.0,0.0,0.0,0.0,0.0,0.0,0.0,0.0,0.0,0.0,True,True,True
90.0,105.0,-5.0,0.0,0.0,0.0,0.0,0.0,0.0,0.0,0.0,0.0,True,True,True
90.0,110.0,0.0,0.0,0.0,0.0,0.0,0.0,0.0,0.0,0.0,0.0,True,True,True
90.0,110.0,5.0,0.0,0.0,0.0,0.0,0.0,0.0,0.0,0.0,0.0,True,True,True
90.0,110.0,-5.0,0.0,0.0,0.0,0.0,0.0,0.0,0.0,0.0,0.0,True,True,True
90.0,115.0,0.0,0.0,0.0,0.0,0.0,0.0,0.0,0.0,0.0,0.0,True,True,True
90.0,115.0,5.0,0.0,0.0,0.0,0.0,0.0,0.0,0.0,0.0,0.0,True,True,True
90.0,115.0,-5.0,0.0,0.0,0.0,0.0,0.0,0.0,0.0,0.0,0.0,True,True,True
90.0,118.0,0.0,0.0,0.0,0.0,0.0,0.0,0.0,0.0,0.0,0.0,True,True,True
90.0,118.0,5.0,0.0,0.0,0.0,0.0,0.0,0.0,0.0,0.0,0.0,True,True,True
90.0,118.0,-5.0,0.0,0.0,0.0,0.0,0.0,0.0,0.0,0.0,0.0,True,True,True
90.0,120.0,0.0,0.0,0.0,0.0,0.0,0.0,0.0,0.0,0.0,0.0,True,True,True
90.0,120.0,5.0,0.0,0.0,0.0,0.0,0.0,0.0,0.0,0.0,0.0,True,True,True
90.0,120.0,-5.0,0.0,0.0,0.0,0.0,0.0,0.0,0.0,0.0,0.0,True,True,True
110.0,100.0,0.0,0.0,0.0,0.0,0.0,0.0,0.0,0.0,0.0,0.0,True,True,True
110.0,100.0,5.0,0.0,0.0,0.0,0.0,0.0,0.0,0.0,0.0,0.0,True,True,True
110.0,100.0,-5.0,0.0,0.0,0.0,0.0,0.0,0.0,0.0,0.0,0.0,True,True,True
110.0,105.0,0.0,0.0,0.0,0.0,0.0,0.0,0.0,0.0,0.0,0.0,True,True,True
110.0,105.0,5.0,0.0,0.0,0.0,0.0,0.0,0.0,0.0,0.0,0.0,True,True,True
110.0,105.0,-5.0,0.0,0.0,0.0,0.0,0.0,0.0,0.0,0.0,0.0,True,True,True
110.0,110.0,0.0,0.0,0.0,0.0,0.0,0.0,0.0,0.0,0.0,0.0,True,True,True
110.0,110.0,5.0,0.0,0.0,0.0,0.0,0.0,0.0,0.0,0.0,0.0,True,True,True
110.0,110.0,-5.0,0.0,0.0,0.0,0.0,0.0,0.0,0.0,0.0,0.0,True,True,True
110.0,115.0,0.0,0.0,0.0,0.0,0.0,0.0,0.0,0.0,0.0,0.0,True,True,True
110.0,115.0,5.0,0.0,0.0,0.0,0.0,0.0,0.0,0.0,0.0,0.0,True,True,True
110.0,115.0,-5.0,0.0,0.0,0.0,0.0,0.0,0.0,0.0,0.0,0.0,True,True,True
110.0,118.0,0.0,0.0,0.0,0.0,0.0,0.0,0.0,0.0,0.0,0.0,True,True,True
110.0,118.0,5.0,0.0,0.0,0.0,0.0,0.0,0.0,0.0,0.0,0.0,True,True,True
110.0,118.0,-5.0,0.0,0.0,0.0,0.0,0.0,0.0,0.0,0.0,0.0,True,True,True
110.0,120.0,0.0,0.0,0.0,0.0,0.0,0.0,0.0,0.0,0.0,0.0,True,True,True
110.0,120.0,5.0,0.0,0.0,0.0,0.0,0.0,0.0,0.0,0.0,0.0,True,True,True
110.0,120.0,-5.0,0.0,0.0,0.0,0.0,0.0,0.0,0.0,0.0,0.0,True,True,True
